"CODE";"BOROUGH";"YEAR";"IND_01_AGE";"IND_02_RACE_WHITE";"IND_03_WEEK_EARNINGS";"IND_04_PERCENT_NVQ4";"IND_05_CAR_TRAFFIC";"IND_06_EXP_LIFE";"IND_07_CRIMES";"IND_08_SERVICES";"IND_09_HOUSE_PRICE";"IND_10_HOUSE_RENT";"CLUSTER";"GENTRIFICATION_INDEX";"K"
"E09000002";"Barking and Dagenham";2011;-8,349;-2,599;-0,448;1,106;4,223;-0,29;0,951;-0,828;0,307;-0,078;2;-1,662;2
"E09000003";"Barnet";2011;-5,316;-0,344;-0,219;-0,309;1,828;-0,178;0,556;-0,072;0,007;-0,092;2;-1,662;2
"E09000004";"Bexley";2011;-4,4;-0,488;0,04;1,297;1,464;-0,055;-0,551;-0,359;0,032;-0,216;2;-1,662;2
"E09000005";"Brent";2011;-5,553;1,748;-0,264;-0,095;1,02;0,161;0,557;0,102;0,072;0,133;2;-1,662;2
"E09000006";"Bromley";2011;-3,302;-0,317;-0,059;-0,864;0,99;-0,102;0,563;0,573;-0,076;-0,17;2;-1,662;2
"E09000007";"Camden";2011;-4,204;-0,096;0,324;-0,474;-3,191;0,351;-0,889;-1,98;-0,084;0,078;1;4,248;2
"E09000008";"Croydon";2011;-5,838;-0,792;-0,165;-0,067;-0,306;-0,26;0,24;-0,742;-0,032;-0,228;2;-1,662;2
"E09000009";"Ealing";2011;-5,349;1,082;-0,402;-0,674;-0,617;-0,033;0,292;0,937;-0,064;0,117;2;-1,662;2
"E09000010";"Enfield";2011;-5,698;-1,261;0,112;1,222;3,221;-0,14;0,183;-0,275;0,041;0,062;2;-1,662;2
"E09000011";"Greenwich";2011;-6,149;-0,517;-0,01;0,407;2,407;-0,144;0,892;0,683;0,055;-0,006;2;-1,662;2
"E09000012";"Hackney";2011;-7,007;1,523;0,165;0,352;-2,358;-0,23;-0,416;1,35;0,136;0,07;2;-1,662;2
"E09000013";"Hammersmith and Fulham";2011;-4,398;0,439;-0,228;-0,588;-2,084;-0,065;-0,122;0,112;-0,09;0,19;2;-1,662;2
"E09000014";"Haringey";2011;-6,224;0,631;0,317;-0,064;-2,177;0,399;-0,408;0,33;0,067;-0,035;1;4,248;2
"E09000015";"Harrow";2011;-4,816;-0,527;0,384;-0,936;1,659;-0,236;0,184;0,238;-0,036;-0,032;2;-1,662;2
"E09000016";"Havering";2011;-3,598;-0,385;0,348;1,199;2,069;-0,119;0,109;0,294;0,101;-0,076;2;-1,662;2
"E09000017";"Hillingdon";2011;-5,893;-0,995;0,048;-0,253;1,229;-0,165;0,464;-0,18;-0,014;0,043;2;-1,662;2
"E09000018";"Hounslow";2011;-5,327;-0,226;-0,146;0,731;0,593;0,143;0,009;1,276;-0,092;-0,104;2;-1,662;2
"E09000019";"Islington";2011;-5,28;0,311;0,072;0,092;-3,66;0,074;0,114;-0,386;-0,082;0,159;1;4,248;2
"E09000020";"Kensington and Chelsea";2011;-2,527;-0,136;0,354;0,677;-3,012;-0,024;-0,356;-0,653;-0,037;0,285;1;4,248;2
"E09000021";"Kingston upon Thames";2011;-4,773;-0,402;0,143;-0,454;0,55;0,08;0,621;-0,536;-0,109;0,224;2;-1,662;2
"E09000022";"Lambeth";2011;-5,789;2,102;0,347;-0,199;-4,678;-0,004;-1,358;-0,557;-0,04;0,039;1;4,248;2
"E09000023";"Lewisham";2011;-5,776;0,312;-0,081;-0,304;-2,753;0,085;1,428;-0,416;0,115;-0,048;2;-1,662;2
"E09000024";"Merton";2011;-4,52;-0,016;-0,07;-0,09;-0,512;-0,026;0,278;0,769;-0,006;-0,218;2;-1,662;2
"E09000025";"Newham";2011;-8,716;1,114;-0,005;1,418;2,183;0,003;0,16;0,262;0,272;-0,065;2;-1,662;2
"E09000026";"Redbridge";2011;-6,924;-1,608;0,176;0,341;1,95;-0,13;0,201;0,164;0,102;0,011;2;-1,662;2
"E09000027";"Richmond upon Thames";2011;-3,396;-0,167;-0,449;0,094;-0,512;0,008;-0,283;0,004;-0,132;-0,158;2;-1,662;2
"E09000028";"Southwark";2011;-5,949;1,202;0,267;-0,066;-3,65;0,125;0,114;0,689;-0,074;0,134;1;4,248;2
"E09000029";"Sutton";2011;-4,656;-0,479;-0,073;0,479;0,117;0,052;0,523;-1,152;-0,041;0,061;2;-1,662;2
"E09000030";"Tower Hamlets";2011;-8,653;2,172;0,274;0,346;0,404;0,221;0;0,773;-0,064;0,051;1;4,248;2
"E09000031";"Waltham Forest";2011;-5,953;-0,298;-0,273;0,063;-0,218;0,202;0,524;-0,345;0,187;-0,279;2;-1,662;2
"E09000032";"Wandsworth";2011;-4,182;0,869;0,041;-0,332;-5,648;-0,054;-0,548;0,091;-0,037;0,072;1;4,248;2
"E09000033";"Westminster";2011;-2,616;-0,432;0,814;0,774;-4,05;0,271;-0,485;-0,41;0,031;0,157;1;4,248;2
"E09000002";"Barking and Dagenham";2011;-8,349;-2,599;-0,448;1,106;4,223;-0,29;0,951;-0,828;0,307;-0,078;2;0,876;3
"E09000003";"Barnet";2011;-5,316;-0,344;-0,219;-0,309;1,828;-0,178;0,556;-0,072;0,007;-0,092;3;-2,773;3
"E09000004";"Bexley";2011;-4,4;-0,488;0,04;1,297;1,464;-0,055;-0,551;-0,359;0,032;-0,216;2;0,876;3
"E09000005";"Brent";2011;-5,553;1,748;-0,264;-0,095;1,02;0,161;0,557;0,102;0,072;0,133;3;-2,773;3
"E09000006";"Bromley";2011;-3,302;-0,317;-0,059;-0,864;0,99;-0,102;0,563;0,573;-0,076;-0,17;3;-2,773;3
"E09000007";"Camden";2011;-4,204;-0,096;0,324;-0,474;-3,191;0,351;-0,889;-1,98;-0,084;0,078;1;4,248;3
"E09000008";"Croydon";2011;-5,838;-0,792;-0,165;-0,067;-0,306;-0,26;0,24;-0,742;-0,032;-0,228;3;-2,773;3
"E09000009";"Ealing";2011;-5,349;1,082;-0,402;-0,674;-0,617;-0,033;0,292;0,937;-0,064;0,117;3;-2,773;3
"E09000010";"Enfield";2011;-5,698;-1,261;0,112;1,222;3,221;-0,14;0,183;-0,275;0,041;0,062;2;0,876;3
"E09000011";"Greenwich";2011;-6,149;-0,517;-0,01;0,407;2,407;-0,144;0,892;0,683;0,055;-0,006;3;-2,773;3
"E09000012";"Hackney";2011;-7,007;1,523;0,165;0,352;-2,358;-0,23;-0,416;1,35;0,136;0,07;2;0,876;3
"E09000013";"Hammersmith and Fulham";2011;-4,398;0,439;-0,228;-0,588;-2,084;-0,065;-0,122;0,112;-0,09;0,19;3;-2,773;3
"E09000014";"Haringey";2011;-6,224;0,631;0,317;-0,064;-2,177;0,399;-0,408;0,33;0,067;-0,035;1;4,248;3
"E09000015";"Harrow";2011;-4,816;-0,527;0,384;-0,936;1,659;-0,236;0,184;0,238;-0,036;-0,032;3;-2,773;3
"E09000016";"Havering";2011;-3,598;-0,385;0,348;1,199;2,069;-0,119;0,109;0,294;0,101;-0,076;2;0,876;3
"E09000017";"Hillingdon";2011;-5,893;-0,995;0,048;-0,253;1,229;-0,165;0,464;-0,18;-0,014;0,043;3;-2,773;3
"E09000018";"Hounslow";2011;-5,327;-0,226;-0,146;0,731;0,593;0,143;0,009;1,276;-0,092;-0,104;3;-2,773;3
"E09000019";"Islington";2011;-5,28;0,311;0,072;0,092;-3,66;0,074;0,114;-0,386;-0,082;0,159;1;4,248;3
"E09000020";"Kensington and Chelsea";2011;-2,527;-0,136;0,354;0,677;-3,012;-0,024;-0,356;-0,653;-0,037;0,285;1;4,248;3
"E09000021";"Kingston upon Thames";2011;-4,773;-0,402;0,143;-0,454;0,55;0,08;0,621;-0,536;-0,109;0,224;3;-2,773;3
"E09000022";"Lambeth";2011;-5,789;2,102;0,347;-0,199;-4,678;-0,004;-1,358;-0,557;-0,04;0,039;1;4,248;3
"E09000023";"Lewisham";2011;-5,776;0,312;-0,081;-0,304;-2,753;0,085;1,428;-0,416;0,115;-0,048;3;-2,773;3
"E09000024";"Merton";2011;-4,52;-0,016;-0,07;-0,09;-0,512;-0,026;0,278;0,769;-0,006;-0,218;3;-2,773;3
"E09000025";"Newham";2011;-8,716;1,114;-0,005;1,418;2,183;0,003;0,16;0,262;0,272;-0,065;2;0,876;3
"E09000026";"Redbridge";2011;-6,924;-1,608;0,176;0,341;1,95;-0,13;0,201;0,164;0,102;0,011;2;0,876;3
"E09000027";"Richmond upon Thames";2011;-3,396;-0,167;-0,449;0,094;-0,512;0,008;-0,283;0,004;-0,132;-0,158;3;-2,773;3
"E09000028";"Southwark";2011;-5,949;1,202;0,267;-0,066;-3,65;0,125;0,114;0,689;-0,074;0,134;1;4,248;3
"E09000029";"Sutton";2011;-4,656;-0,479;-0,073;0,479;0,117;0,052;0,523;-1,152;-0,041;0,061;3;-2,773;3
"E09000030";"Tower Hamlets";2011;-8,653;2,172;0,274;0,346;0,404;0,221;0;0,773;-0,064;0,051;1;4,248;3
"E09000031";"Waltham Forest";2011;-5,953;-0,298;-0,273;0,063;-0,218;0,202;0,524;-0,345;0,187;-0,279;3;-2,773;3
"E09000032";"Wandsworth";2011;-4,182;0,869;0,041;-0,332;-5,648;-0,054;-0,548;0,091;-0,037;0,072;1;4,248;3
"E09000033";"Westminster";2011;-2,616;-0,432;0,814;0,774;-4,05;0,271;-0,485;-0,41;0,031;0,157;1;4,248;3
"E09000002";"Barking and Dagenham";2011;-8,349;-2,599;-0,448;1,106;4,223;-0,29;0,951;-0,828;0,307;-0,078;3;0,876;4
"E09000003";"Barnet";2011;-5,316;-0,344;-0,219;-0,309;1,828;-0,178;0,556;-0,072;0,007;-0,092;4;-2,773;4
"E09000004";"Bexley";2011;-4,4;-0,488;0,04;1,297;1,464;-0,055;-0,551;-0,359;0,032;-0,216;3;0,876;4
"E09000005";"Brent";2011;-5,553;1,748;-0,264;-0,095;1,02;0,161;0,557;0,102;0,072;0,133;4;-2,773;4
"E09000006";"Bromley";2011;-3,302;-0,317;-0,059;-0,864;0,99;-0,102;0,563;0,573;-0,076;-0,17;4;-2,773;4
"E09000007";"Camden";2011;-4,204;-0,096;0,324;-0,474;-3,191;0,351;-0,889;-1,98;-0,084;0,078;2;3,145;4
"E09000008";"Croydon";2011;-5,838;-0,792;-0,165;-0,067;-0,306;-0,26;0,24;-0,742;-0,032;-0,228;4;-2,773;4
"E09000009";"Ealing";2011;-5,349;1,082;-0,402;-0,674;-0,617;-0,033;0,292;0,937;-0,064;0,117;4;-2,773;4
"E09000010";"Enfield";2011;-5,698;-1,261;0,112;1,222;3,221;-0,14;0,183;-0,275;0,041;0,062;3;0,876;4
"E09000011";"Greenwich";2011;-6,149;-0,517;-0,01;0,407;2,407;-0,144;0,892;0,683;0,055;-0,006;4;-2,773;4
"E09000012";"Hackney";2011;-7,007;1,523;0,165;0,352;-2,358;-0,23;-0,416;1,35;0,136;0,07;3;0,876;4
"E09000013";"Hammersmith and Fulham";2011;-4,398;0,439;-0,228;-0,588;-2,084;-0,065;-0,122;0,112;-0,09;0,19;4;-2,773;4
"E09000014";"Haringey";2011;-6,224;0,631;0,317;-0,064;-2,177;0,399;-0,408;0,33;0,067;-0,035;1;4,8;4
"E09000015";"Harrow";2011;-4,816;-0,527;0,384;-0,936;1,659;-0,236;0,184;0,238;-0,036;-0,032;4;-2,773;4
"E09000016";"Havering";2011;-3,598;-0,385;0,348;1,199;2,069;-0,119;0,109;0,294;0,101;-0,076;3;0,876;4
"E09000017";"Hillingdon";2011;-5,893;-0,995;0,048;-0,253;1,229;-0,165;0,464;-0,18;-0,014;0,043;4;-2,773;4
"E09000018";"Hounslow";2011;-5,327;-0,226;-0,146;0,731;0,593;0,143;0,009;1,276;-0,092;-0,104;4;-2,773;4
"E09000019";"Islington";2011;-5,28;0,311;0,072;0,092;-3,66;0,074;0,114;-0,386;-0,082;0,159;1;4,8;4
"E09000020";"Kensington and Chelsea";2011;-2,527;-0,136;0,354;0,677;-3,012;-0,024;-0,356;-0,653;-0,037;0,285;2;3,145;4
"E09000021";"Kingston upon Thames";2011;-4,773;-0,402;0,143;-0,454;0,55;0,08;0,621;-0,536;-0,109;0,224;4;-2,773;4
"E09000022";"Lambeth";2011;-5,789;2,102;0,347;-0,199;-4,678;-0,004;-1,358;-0,557;-0,04;0,039;1;4,8;4
"E09000023";"Lewisham";2011;-5,776;0,312;-0,081;-0,304;-2,753;0,085;1,428;-0,416;0,115;-0,048;4;-2,773;4
"E09000024";"Merton";2011;-4,52;-0,016;-0,07;-0,09;-0,512;-0,026;0,278;0,769;-0,006;-0,218;4;-2,773;4
"E09000025";"Newham";2011;-8,716;1,114;-0,005;1,418;2,183;0,003;0,16;0,262;0,272;-0,065;3;0,876;4
"E09000026";"Redbridge";2011;-6,924;-1,608;0,176;0,341;1,95;-0,13;0,201;0,164;0,102;0,011;3;0,876;4
"E09000027";"Richmond upon Thames";2011;-3,396;-0,167;-0,449;0,094;-0,512;0,008;-0,283;0,004;-0,132;-0,158;4;-2,773;4
"E09000028";"Southwark";2011;-5,949;1,202;0,267;-0,066;-3,65;0,125;0,114;0,689;-0,074;0,134;1;4,8;4
"E09000029";"Sutton";2011;-4,656;-0,479;-0,073;0,479;0,117;0,052;0,523;-1,152;-0,041;0,061;4;-2,773;4
"E09000030";"Tower Hamlets";2011;-8,653;2,172;0,274;0,346;0,404;0,221;0;0,773;-0,064;0,051;1;4,8;4
"E09000031";"Waltham Forest";2011;-5,953;-0,298;-0,273;0,063;-0,218;0,202;0,524;-0,345;0,187;-0,279;4;-2,773;4
"E09000032";"Wandsworth";2011;-4,182;0,869;0,041;-0,332;-5,648;-0,054;-0,548;0,091;-0,037;0,072;1;4,8;4
"E09000033";"Westminster";2011;-2,616;-0,432;0,814;0,774;-4,05;0,271;-0,485;-0,41;0,031;0,157;2;3,145;4
"E09000002";"Barking and Dagenham";2011;-8,349;-2,599;-0,448;1,106;4,223;-0,29;0,951;-0,828;0,307;-0,078;5;-4,783;5
"E09000003";"Barnet";2011;-5,316;-0,344;-0,219;-0,309;1,828;-0,178;0,556;-0,072;0,007;-0,092;4;-2,773;5
"E09000004";"Bexley";2011;-4,4;-0,488;0,04;1,297;1,464;-0,055;-0,551;-0,359;0,032;-0,216;3;1,819;5
"E09000005";"Brent";2011;-5,553;1,748;-0,264;-0,095;1,02;0,161;0,557;0,102;0,072;0,133;4;-2,773;5
"E09000006";"Bromley";2011;-3,302;-0,317;-0,059;-0,864;0,99;-0,102;0,563;0,573;-0,076;-0,17;4;-2,773;5
"E09000007";"Camden";2011;-4,204;-0,096;0,324;-0,474;-3,191;0,351;-0,889;-1,98;-0,084;0,078;2;3,145;5
"E09000008";"Croydon";2011;-5,838;-0,792;-0,165;-0,067;-0,306;-0,26;0,24;-0,742;-0,032;-0,228;4;-2,773;5
"E09000009";"Ealing";2011;-5,349;1,082;-0,402;-0,674;-0,617;-0,033;0,292;0,937;-0,064;0,117;4;-2,773;5
"E09000010";"Enfield";2011;-5,698;-1,261;0,112;1,222;3,221;-0,14;0,183;-0,275;0,041;0,062;3;1,819;5
"E09000011";"Greenwich";2011;-6,149;-0,517;-0,01;0,407;2,407;-0,144;0,892;0,683;0,055;-0,006;4;-2,773;5
"E09000012";"Hackney";2011;-7,007;1,523;0,165;0,352;-2,358;-0,23;-0,416;1,35;0,136;0,07;3;1,819;5
"E09000013";"Hammersmith and Fulham";2011;-4,398;0,439;-0,228;-0,588;-2,084;-0,065;-0,122;0,112;-0,09;0,19;4;-2,773;5
"E09000014";"Haringey";2011;-6,224;0,631;0,317;-0,064;-2,177;0,399;-0,408;0,33;0,067;-0,035;1;4,8;5
"E09000015";"Harrow";2011;-4,816;-0,527;0,384;-0,936;1,659;-0,236;0,184;0,238;-0,036;-0,032;4;-2,773;5
"E09000016";"Havering";2011;-3,598;-0,385;0,348;1,199;2,069;-0,119;0,109;0,294;0,101;-0,076;3;1,819;5
"E09000017";"Hillingdon";2011;-5,893;-0,995;0,048;-0,253;1,229;-0,165;0,464;-0,18;-0,014;0,043;4;-2,773;5
"E09000018";"Hounslow";2011;-5,327;-0,226;-0,146;0,731;0,593;0,143;0,009;1,276;-0,092;-0,104;4;-2,773;5
"E09000019";"Islington";2011;-5,28;0,311;0,072;0,092;-3,66;0,074;0,114;-0,386;-0,082;0,159;1;4,8;5
"E09000020";"Kensington and Chelsea";2011;-2,527;-0,136;0,354;0,677;-3,012;-0,024;-0,356;-0,653;-0,037;0,285;2;3,145;5
"E09000021";"Kingston upon Thames";2011;-4,773;-0,402;0,143;-0,454;0,55;0,08;0,621;-0,536;-0,109;0,224;4;-2,773;5
"E09000022";"Lambeth";2011;-5,789;2,102;0,347;-0,199;-4,678;-0,004;-1,358;-0,557;-0,04;0,039;1;4,8;5
"E09000023";"Lewisham";2011;-5,776;0,312;-0,081;-0,304;-2,753;0,085;1,428;-0,416;0,115;-0,048;4;-2,773;5
"E09000024";"Merton";2011;-4,52;-0,016;-0,07;-0,09;-0,512;-0,026;0,278;0,769;-0,006;-0,218;4;-2,773;5
"E09000025";"Newham";2011;-8,716;1,114;-0,005;1,418;2,183;0,003;0,16;0,262;0,272;-0,065;3;1,819;5
"E09000026";"Redbridge";2011;-6,924;-1,608;0,176;0,341;1,95;-0,13;0,201;0,164;0,102;0,011;3;1,819;5
"E09000027";"Richmond upon Thames";2011;-3,396;-0,167;-0,449;0,094;-0,512;0,008;-0,283;0,004;-0,132;-0,158;4;-2,773;5
"E09000028";"Southwark";2011;-5,949;1,202;0,267;-0,066;-3,65;0,125;0,114;0,689;-0,074;0,134;1;4,8;5
"E09000029";"Sutton";2011;-4,656;-0,479;-0,073;0,479;0,117;0,052;0,523;-1,152;-0,041;0,061;4;-2,773;5
"E09000030";"Tower Hamlets";2011;-8,653;2,172;0,274;0,346;0,404;0,221;0;0,773;-0,064;0,051;1;4,8;5
"E09000031";"Waltham Forest";2011;-5,953;-0,298;-0,273;0,063;-0,218;0,202;0,524;-0,345;0,187;-0,279;4;-2,773;5
"E09000032";"Wandsworth";2011;-4,182;0,869;0,041;-0,332;-5,648;-0,054;-0,548;0,091;-0,037;0,072;1;4,8;5
"E09000033";"Westminster";2011;-2,616;-0,432;0,814;0,774;-4,05;0,271;-0,485;-0,41;0,031;0,157;2;3,145;5
"E09000002";"Barking and Dagenham";2011;-8,349;-2,599;-0,448;1,106;4,223;-0,29;0,951;-0,828;0,307;-0,078;6;-4,783;6
"E09000003";"Barnet";2011;-5,316;-0,344;-0,219;-0,309;1,828;-0,178;0,556;-0,072;0,007;-0,092;5;-3,471;6
"E09000004";"Bexley";2011;-4,4;-0,488;0,04;1,297;1,464;-0,055;-0,551;-0,359;0,032;-0,216;3;1,819;6
"E09000005";"Brent";2011;-5,553;1,748;-0,264;-0,095;1,02;0,161;0,557;0,102;0,072;0,133;4;-1,237;6
"E09000006";"Bromley";2011;-3,302;-0,317;-0,059;-0,864;0,99;-0,102;0,563;0,573;-0,076;-0,17;5;-3,471;6
"E09000007";"Camden";2011;-4,204;-0,096;0,324;-0,474;-3,191;0,351;-0,889;-1,98;-0,084;0,078;2;3,145;6
"E09000008";"Croydon";2011;-5,838;-0,792;-0,165;-0,067;-0,306;-0,26;0,24;-0,742;-0,032;-0,228;5;-3,471;6
"E09000009";"Ealing";2011;-5,349;1,082;-0,402;-0,674;-0,617;-0,033;0,292;0,937;-0,064;0,117;4;-1,237;6
"E09000010";"Enfield";2011;-5,698;-1,261;0,112;1,222;3,221;-0,14;0,183;-0,275;0,041;0,062;3;1,819;6
"E09000011";"Greenwich";2011;-6,149;-0,517;-0,01;0,407;2,407;-0,144;0,892;0,683;0,055;-0,006;5;-3,471;6
"E09000012";"Hackney";2011;-7,007;1,523;0,165;0,352;-2,358;-0,23;-0,416;1,35;0,136;0,07;3;1,819;6
"E09000013";"Hammersmith and Fulham";2011;-4,398;0,439;-0,228;-0,588;-2,084;-0,065;-0,122;0,112;-0,09;0,19;4;-1,237;6
"E09000014";"Haringey";2011;-6,224;0,631;0,317;-0,064;-2,177;0,399;-0,408;0,33;0,067;-0,035;1;4,8;6
"E09000015";"Harrow";2011;-4,816;-0,527;0,384;-0,936;1,659;-0,236;0,184;0,238;-0,036;-0,032;5;-3,471;6
"E09000016";"Havering";2011;-3,598;-0,385;0,348;1,199;2,069;-0,119;0,109;0,294;0,101;-0,076;3;1,819;6
"E09000017";"Hillingdon";2011;-5,893;-0,995;0,048;-0,253;1,229;-0,165;0,464;-0,18;-0,014;0,043;5;-3,471;6
"E09000018";"Hounslow";2011;-5,327;-0,226;-0,146;0,731;0,593;0,143;0,009;1,276;-0,092;-0,104;5;-3,471;6
"E09000019";"Islington";2011;-5,28;0,311;0,072;0,092;-3,66;0,074;0,114;-0,386;-0,082;0,159;1;4,8;6
"E09000020";"Kensington and Chelsea";2011;-2,527;-0,136;0,354;0,677;-3,012;-0,024;-0,356;-0,653;-0,037;0,285;2;3,145;6
"E09000021";"Kingston upon Thames";2011;-4,773;-0,402;0,143;-0,454;0,55;0,08;0,621;-0,536;-0,109;0,224;4;-1,237;6
"E09000022";"Lambeth";2011;-5,789;2,102;0,347;-0,199;-4,678;-0,004;-1,358;-0,557;-0,04;0,039;1;4,8;6
"E09000023";"Lewisham";2011;-5,776;0,312;-0,081;-0,304;-2,753;0,085;1,428;-0,416;0,115;-0,048;5;-3,471;6
"E09000024";"Merton";2011;-4,52;-0,016;-0,07;-0,09;-0,512;-0,026;0,278;0,769;-0,006;-0,218;5;-3,471;6
"E09000025";"Newham";2011;-8,716;1,114;-0,005;1,418;2,183;0,003;0,16;0,262;0,272;-0,065;3;1,819;6
"E09000026";"Redbridge";2011;-6,924;-1,608;0,176;0,341;1,95;-0,13;0,201;0,164;0,102;0,011;3;1,819;6
"E09000027";"Richmond upon Thames";2011;-3,396;-0,167;-0,449;0,094;-0,512;0,008;-0,283;0,004;-0,132;-0,158;5;-3,471;6
"E09000028";"Southwark";2011;-5,949;1,202;0,267;-0,066;-3,65;0,125;0,114;0,689;-0,074;0,134;1;4,8;6
"E09000029";"Sutton";2011;-4,656;-0,479;-0,073;0,479;0,117;0,052;0,523;-1,152;-0,041;0,061;4;-1,237;6
"E09000030";"Tower Hamlets";2011;-8,653;2,172;0,274;0,346;0,404;0,221;0;0,773;-0,064;0,051;1;4,8;6
"E09000031";"Waltham Forest";2011;-5,953;-0,298;-0,273;0,063;-0,218;0,202;0,524;-0,345;0,187;-0,279;5;-3,471;6
"E09000032";"Wandsworth";2011;-4,182;0,869;0,041;-0,332;-5,648;-0,054;-0,548;0,091;-0,037;0,072;1;4,8;6
"E09000033";"Westminster";2011;-2,616;-0,432;0,814;0,774;-4,05;0,271;-0,485;-0,41;0,031;0,157;2;3,145;6
"E09000002";"Barking and Dagenham";2011;-8,349;-2,599;-0,448;1,106;4,223;-0,29;0,951;-0,828;0,307;-0,078;7;-4,783;7
"E09000003";"Barnet";2011;-5,316;-0,344;-0,219;-0,309;1,828;-0,178;0,556;-0,072;0,007;-0,092;6;-3,471;7
"E09000004";"Bexley";2011;-4,4;-0,488;0,04;1,297;1,464;-0,055;-0,551;-0,359;0,032;-0,216;4;-0,634;7
"E09000005";"Brent";2011;-5,553;1,748;-0,264;-0,095;1,02;0,161;0,557;0,102;0,072;0,133;5;-1,237;7
"E09000006";"Bromley";2011;-3,302;-0,317;-0,059;-0,864;0,99;-0,102;0,563;0,573;-0,076;-0,17;6;-3,471;7
"E09000007";"Camden";2011;-4,204;-0,096;0,324;-0,474;-3,191;0,351;-0,889;-1,98;-0,084;0,078;3;3,145;7
"E09000008";"Croydon";2011;-5,838;-0,792;-0,165;-0,067;-0,306;-0,26;0,24;-0,742;-0,032;-0,228;6;-3,471;7
"E09000009";"Ealing";2011;-5,349;1,082;-0,402;-0,674;-0,617;-0,033;0,292;0,937;-0,064;0,117;5;-1,237;7
"E09000010";"Enfield";2011;-5,698;-1,261;0,112;1,222;3,221;-0,14;0,183;-0,275;0,041;0,062;4;-0,634;7
"E09000011";"Greenwich";2011;-6,149;-0,517;-0,01;0,407;2,407;-0,144;0,892;0,683;0,055;-0,006;6;-3,471;7
"E09000012";"Hackney";2011;-7,007;1,523;0,165;0,352;-2,358;-0,23;-0,416;1,35;0,136;0,07;1;6,725;7
"E09000013";"Hammersmith and Fulham";2011;-4,398;0,439;-0,228;-0,588;-2,084;-0,065;-0,122;0,112;-0,09;0,19;5;-1,237;7
"E09000014";"Haringey";2011;-6,224;0,631;0,317;-0,064;-2,177;0,399;-0,408;0,33;0,067;-0,035;2;4,8;7
"E09000015";"Harrow";2011;-4,816;-0,527;0,384;-0,936;1,659;-0,236;0,184;0,238;-0,036;-0,032;6;-3,471;7
"E09000016";"Havering";2011;-3,598;-0,385;0,348;1,199;2,069;-0,119;0,109;0,294;0,101;-0,076;4;-0,634;7
"E09000017";"Hillingdon";2011;-5,893;-0,995;0,048;-0,253;1,229;-0,165;0,464;-0,18;-0,014;0,043;6;-3,471;7
"E09000018";"Hounslow";2011;-5,327;-0,226;-0,146;0,731;0,593;0,143;0,009;1,276;-0,092;-0,104;6;-3,471;7
"E09000019";"Islington";2011;-5,28;0,311;0,072;0,092;-3,66;0,074;0,114;-0,386;-0,082;0,159;2;4,8;7
"E09000020";"Kensington and Chelsea";2011;-2,527;-0,136;0,354;0,677;-3,012;-0,024;-0,356;-0,653;-0,037;0,285;3;3,145;7
"E09000021";"Kingston upon Thames";2011;-4,773;-0,402;0,143;-0,454;0,55;0,08;0,621;-0,536;-0,109;0,224;5;-1,237;7
"E09000022";"Lambeth";2011;-5,789;2,102;0,347;-0,199;-4,678;-0,004;-1,358;-0,557;-0,04;0,039;2;4,8;7
"E09000023";"Lewisham";2011;-5,776;0,312;-0,081;-0,304;-2,753;0,085;1,428;-0,416;0,115;-0,048;6;-3,471;7
"E09000024";"Merton";2011;-4,52;-0,016;-0,07;-0,09;-0,512;-0,026;0,278;0,769;-0,006;-0,218;6;-3,471;7
"E09000025";"Newham";2011;-8,716;1,114;-0,005;1,418;2,183;0,003;0,16;0,262;0,272;-0,065;1;6,725;7
"E09000026";"Redbridge";2011;-6,924;-1,608;0,176;0,341;1,95;-0,13;0,201;0,164;0,102;0,011;4;-0,634;7
"E09000027";"Richmond upon Thames";2011;-3,396;-0,167;-0,449;0,094;-0,512;0,008;-0,283;0,004;-0,132;-0,158;6;-3,471;7
"E09000028";"Southwark";2011;-5,949;1,202;0,267;-0,066;-3,65;0,125;0,114;0,689;-0,074;0,134;2;4,8;7
"E09000029";"Sutton";2011;-4,656;-0,479;-0,073;0,479;0,117;0,052;0,523;-1,152;-0,041;0,061;5;-1,237;7
"E09000030";"Tower Hamlets";2011;-8,653;2,172;0,274;0,346;0,404;0,221;0;0,773;-0,064;0,051;2;4,8;7
"E09000031";"Waltham Forest";2011;-5,953;-0,298;-0,273;0,063;-0,218;0,202;0,524;-0,345;0,187;-0,279;6;-3,471;7
"E09000032";"Wandsworth";2011;-4,182;0,869;0,041;-0,332;-5,648;-0,054;-0,548;0,091;-0,037;0,072;2;4,8;7
"E09000033";"Westminster";2011;-2,616;-0,432;0,814;0,774;-4,05;0,271;-0,485;-0,41;0,031;0,157;3;3,145;7
"E09000002";"Barking and Dagenham";2011;-8,349;-2,599;-0,448;1,106;4,223;-0,29;0,951;-0,828;0,307;-0,078;8;-4,783;8
"E09000003";"Barnet";2011;-5,316;-0,344;-0,219;-0,309;1,828;-0,178;0,556;-0,072;0,007;-0,092;7;-3,89;8
"E09000004";"Bexley";2011;-4,4;-0,488;0,04;1,297;1,464;-0,055;-0,551;-0,359;0,032;-0,216;4;-0,634;8
"E09000005";"Brent";2011;-5,553;1,748;-0,264;-0,095;1,02;0,161;0,557;0,102;0,072;0,133;5;-1,237;8
"E09000006";"Bromley";2011;-3,302;-0,317;-0,059;-0,864;0,99;-0,102;0,563;0,573;-0,076;-0,17;7;-3,89;8
"E09000007";"Camden";2011;-4,204;-0,096;0,324;-0,474;-3,191;0,351;-0,889;-1,98;-0,084;0,078;3;3,145;8
"E09000008";"Croydon";2011;-5,838;-0,792;-0,165;-0,067;-0,306;-0,26;0,24;-0,742;-0,032;-0,228;7;-3,89;8
"E09000009";"Ealing";2011;-5,349;1,082;-0,402;-0,674;-0,617;-0,033;0,292;0,937;-0,064;0,117;5;-1,237;8
"E09000010";"Enfield";2011;-5,698;-1,261;0,112;1,222;3,221;-0,14;0,183;-0,275;0,041;0,062;4;-0,634;8
"E09000011";"Greenwich";2011;-6,149;-0,517;-0,01;0,407;2,407;-0,144;0,892;0,683;0,055;-0,006;7;-3,89;8
"E09000012";"Hackney";2011;-7,007;1,523;0,165;0,352;-2,358;-0,23;-0,416;1,35;0,136;0,07;1;6,725;8
"E09000013";"Hammersmith and Fulham";2011;-4,398;0,439;-0,228;-0,588;-2,084;-0,065;-0,122;0,112;-0,09;0,19;5;-1,237;8
"E09000014";"Haringey";2011;-6,224;0,631;0,317;-0,064;-2,177;0,399;-0,408;0,33;0,067;-0,035;2;4,8;8
"E09000015";"Harrow";2011;-4,816;-0,527;0,384;-0,936;1,659;-0,236;0,184;0,238;-0,036;-0,032;7;-3,89;8
"E09000016";"Havering";2011;-3,598;-0,385;0,348;1,199;2,069;-0,119;0,109;0,294;0,101;-0,076;4;-0,634;8
"E09000017";"Hillingdon";2011;-5,893;-0,995;0,048;-0,253;1,229;-0,165;0,464;-0,18;-0,014;0,043;7;-3,89;8
"E09000018";"Hounslow";2011;-5,327;-0,226;-0,146;0,731;0,593;0,143;0,009;1,276;-0,092;-0,104;7;-3,89;8
"E09000019";"Islington";2011;-5,28;0,311;0,072;0,092;-3,66;0,074;0,114;-0,386;-0,082;0,159;2;4,8;8
"E09000020";"Kensington and Chelsea";2011;-2,527;-0,136;0,354;0,677;-3,012;-0,024;-0,356;-0,653;-0,037;0,285;3;3,145;8
"E09000021";"Kingston upon Thames";2011;-4,773;-0,402;0,143;-0,454;0,55;0,08;0,621;-0,536;-0,109;0,224;5;-1,237;8
"E09000022";"Lambeth";2011;-5,789;2,102;0,347;-0,199;-4,678;-0,004;-1,358;-0,557;-0,04;0,039;2;4,8;8
"E09000023";"Lewisham";2011;-5,776;0,312;-0,081;-0,304;-2,753;0,085;1,428;-0,416;0,115;-0,048;6;-1,584;8
"E09000024";"Merton";2011;-4,52;-0,016;-0,07;-0,09;-0,512;-0,026;0,278;0,769;-0,006;-0,218;7;-3,89;8
"E09000025";"Newham";2011;-8,716;1,114;-0,005;1,418;2,183;0,003;0,16;0,262;0,272;-0,065;1;6,725;8
"E09000026";"Redbridge";2011;-6,924;-1,608;0,176;0,341;1,95;-0,13;0,201;0,164;0,102;0,011;4;-0,634;8
"E09000027";"Richmond upon Thames";2011;-3,396;-0,167;-0,449;0,094;-0,512;0,008;-0,283;0,004;-0,132;-0,158;7;-3,89;8
"E09000028";"Southwark";2011;-5,949;1,202;0,267;-0,066;-3,65;0,125;0,114;0,689;-0,074;0,134;2;4,8;8
"E09000029";"Sutton";2011;-4,656;-0,479;-0,073;0,479;0,117;0,052;0,523;-1,152;-0,041;0,061;5;-1,237;8
"E09000030";"Tower Hamlets";2011;-8,653;2,172;0,274;0,346;0,404;0,221;0;0,773;-0,064;0,051;2;4,8;8
"E09000031";"Waltham Forest";2011;-5,953;-0,298;-0,273;0,063;-0,218;0,202;0,524;-0,345;0,187;-0,279;6;-1,584;8
"E09000032";"Wandsworth";2011;-4,182;0,869;0,041;-0,332;-5,648;-0,054;-0,548;0,091;-0,037;0,072;2;4,8;8
"E09000033";"Westminster";2011;-2,616;-0,432;0,814;0,774;-4,05;0,271;-0,485;-0,41;0,031;0,157;3;3,145;8
"E09000002";"Barking and Dagenham";2011;-8,349;-2,599;-0,448;1,106;4,223;-0,29;0,951;-0,828;0,307;-0,078;9;-4,783;9
"E09000003";"Barnet";2011;-5,316;-0,344;-0,219;-0,309;1,828;-0,178;0,556;-0,072;0,007;-0,092;8;-3,89;9
"E09000004";"Bexley";2011;-4,4;-0,488;0,04;1,297;1,464;-0,055;-0,551;-0,359;0,032;-0,216;5;-0,634;9
"E09000005";"Brent";2011;-5,553;1,748;-0,264;-0,095;1,02;0,161;0,557;0,102;0,072;0,133;6;-1,237;9
"E09000006";"Bromley";2011;-3,302;-0,317;-0,059;-0,864;0,99;-0,102;0,563;0,573;-0,076;-0,17;8;-3,89;9
"E09000007";"Camden";2011;-4,204;-0,096;0,324;-0,474;-3,191;0,351;-0,889;-1,98;-0,084;0,078;4;3,145;9
"E09000008";"Croydon";2011;-5,838;-0,792;-0,165;-0,067;-0,306;-0,26;0,24;-0,742;-0,032;-0,228;8;-3,89;9
"E09000009";"Ealing";2011;-5,349;1,082;-0,402;-0,674;-0,617;-0,033;0,292;0,937;-0,064;0,117;6;-1,237;9
"E09000010";"Enfield";2011;-5,698;-1,261;0,112;1,222;3,221;-0,14;0,183;-0,275;0,041;0,062;5;-0,634;9
"E09000011";"Greenwich";2011;-6,149;-0,517;-0,01;0,407;2,407;-0,144;0,892;0,683;0,055;-0,006;8;-3,89;9
"E09000012";"Hackney";2011;-7,007;1,523;0,165;0,352;-2,358;-0,23;-0,416;1,35;0,136;0,07;2;6,725;9
"E09000013";"Hammersmith and Fulham";2011;-4,398;0,439;-0,228;-0,588;-2,084;-0,065;-0,122;0,112;-0,09;0,19;6;-1,237;9
"E09000014";"Haringey";2011;-6,224;0,631;0,317;-0,064;-2,177;0,399;-0,408;0,33;0,067;-0,035;1;6,802;9
"E09000015";"Harrow";2011;-4,816;-0,527;0,384;-0,936;1,659;-0,236;0,184;0,238;-0,036;-0,032;8;-3,89;9
"E09000016";"Havering";2011;-3,598;-0,385;0,348;1,199;2,069;-0,119;0,109;0,294;0,101;-0,076;5;-0,634;9
"E09000017";"Hillingdon";2011;-5,893;-0,995;0,048;-0,253;1,229;-0,165;0,464;-0,18;-0,014;0,043;8;-3,89;9
"E09000018";"Hounslow";2011;-5,327;-0,226;-0,146;0,731;0,593;0,143;0,009;1,276;-0,092;-0,104;8;-3,89;9
"E09000019";"Islington";2011;-5,28;0,311;0,072;0,092;-3,66;0,074;0,114;-0,386;-0,082;0,159;3;3,799;9
"E09000020";"Kensington and Chelsea";2011;-2,527;-0,136;0,354;0,677;-3,012;-0,024;-0,356;-0,653;-0,037;0,285;4;3,145;9
"E09000021";"Kingston upon Thames";2011;-4,773;-0,402;0,143;-0,454;0,55;0,08;0,621;-0,536;-0,109;0,224;6;-1,237;9
"E09000022";"Lambeth";2011;-5,789;2,102;0,347;-0,199;-4,678;-0,004;-1,358;-0,557;-0,04;0,039;3;3,799;9
"E09000023";"Lewisham";2011;-5,776;0,312;-0,081;-0,304;-2,753;0,085;1,428;-0,416;0,115;-0,048;7;-1,584;9
"E09000024";"Merton";2011;-4,52;-0,016;-0,07;-0,09;-0,512;-0,026;0,278;0,769;-0,006;-0,218;8;-3,89;9
"E09000025";"Newham";2011;-8,716;1,114;-0,005;1,418;2,183;0,003;0,16;0,262;0,272;-0,065;2;6,725;9
"E09000026";"Redbridge";2011;-6,924;-1,608;0,176;0,341;1,95;-0,13;0,201;0,164;0,102;0,011;5;-0,634;9
"E09000027";"Richmond upon Thames";2011;-3,396;-0,167;-0,449;0,094;-0,512;0,008;-0,283;0,004;-0,132;-0,158;8;-3,89;9
"E09000028";"Southwark";2011;-5,949;1,202;0,267;-0,066;-3,65;0,125;0,114;0,689;-0,074;0,134;3;3,799;9
"E09000029";"Sutton";2011;-4,656;-0,479;-0,073;0,479;0,117;0,052;0,523;-1,152;-0,041;0,061;6;-1,237;9
"E09000030";"Tower Hamlets";2011;-8,653;2,172;0,274;0,346;0,404;0,221;0;0,773;-0,064;0,051;1;6,802;9
"E09000031";"Waltham Forest";2011;-5,953;-0,298;-0,273;0,063;-0,218;0,202;0,524;-0,345;0,187;-0,279;7;-1,584;9
"E09000032";"Wandsworth";2011;-4,182;0,869;0,041;-0,332;-5,648;-0,054;-0,548;0,091;-0,037;0,072;3;3,799;9
"E09000033";"Westminster";2011;-2,616;-0,432;0,814;0,774;-4,05;0,271;-0,485;-0,41;0,031;0,157;4;3,145;9
"E09000002";"Barking and Dagenham";2011;-8,349;-2,599;-0,448;1,106;4,223;-0,29;0,951;-0,828;0,307;-0,078;10;-4,783;10
"E09000003";"Barnet";2011;-5,316;-0,344;-0,219;-0,309;1,828;-0,178;0,556;-0,072;0,007;-0,092;9;-4,381;10
"E09000004";"Bexley";2011;-4,4;-0,488;0,04;1,297;1,464;-0,055;-0,551;-0,359;0,032;-0,216;5;-0,634;10
"E09000005";"Brent";2011;-5,553;1,748;-0,264;-0,095;1,02;0,161;0,557;0,102;0,072;0,133;6;-1,237;10
"E09000006";"Bromley";2011;-3,302;-0,317;-0,059;-0,864;0,99;-0,102;0,563;0,573;-0,076;-0,17;9;-4,381;10
"E09000007";"Camden";2011;-4,204;-0,096;0,324;-0,474;-3,191;0,351;-0,889;-1,98;-0,084;0,078;4;3,145;10
"E09000008";"Croydon";2011;-5,838;-0,792;-0,165;-0,067;-0,306;-0,26;0,24;-0,742;-0,032;-0,228;9;-4,381;10
"E09000009";"Ealing";2011;-5,349;1,082;-0,402;-0,674;-0,617;-0,033;0,292;0,937;-0,064;0,117;6;-1,237;10
"E09000010";"Enfield";2011;-5,698;-1,261;0,112;1,222;3,221;-0,14;0,183;-0,275;0,041;0,062;5;-0,634;10
"E09000011";"Greenwich";2011;-6,149;-0,517;-0,01;0,407;2,407;-0,144;0,892;0,683;0,055;-0,006;9;-4,381;10
"E09000012";"Hackney";2011;-7,007;1,523;0,165;0,352;-2,358;-0,23;-0,416;1,35;0,136;0,07;2;6,725;10
"E09000013";"Hammersmith and Fulham";2011;-4,398;0,439;-0,228;-0,588;-2,084;-0,065;-0,122;0,112;-0,09;0,19;6;-1,237;10
"E09000014";"Haringey";2011;-6,224;0,631;0,317;-0,064;-2,177;0,399;-0,408;0,33;0,067;-0,035;1;6,802;10
"E09000015";"Harrow";2011;-4,816;-0,527;0,384;-0,936;1,659;-0,236;0,184;0,238;-0,036;-0,032;9;-4,381;10
"E09000016";"Havering";2011;-3,598;-0,385;0,348;1,199;2,069;-0,119;0,109;0,294;0,101;-0,076;5;-0,634;10
"E09000017";"Hillingdon";2011;-5,893;-0,995;0,048;-0,253;1,229;-0,165;0,464;-0,18;-0,014;0,043;9;-4,381;10
"E09000018";"Hounslow";2011;-5,327;-0,226;-0,146;0,731;0,593;0,143;0,009;1,276;-0,092;-0,104;8;-2,174;10
"E09000019";"Islington";2011;-5,28;0,311;0,072;0,092;-3,66;0,074;0,114;-0,386;-0,082;0,159;3;3,799;10
"E09000020";"Kensington and Chelsea";2011;-2,527;-0,136;0,354;0,677;-3,012;-0,024;-0,356;-0,653;-0,037;0,285;4;3,145;10
"E09000021";"Kingston upon Thames";2011;-4,773;-0,402;0,143;-0,454;0,55;0,08;0,621;-0,536;-0,109;0,224;6;-1,237;10
"E09000022";"Lambeth";2011;-5,789;2,102;0,347;-0,199;-4,678;-0,004;-1,358;-0,557;-0,04;0,039;3;3,799;10
"E09000023";"Lewisham";2011;-5,776;0,312;-0,081;-0,304;-2,753;0,085;1,428;-0,416;0,115;-0,048;7;-1,584;10
"E09000024";"Merton";2011;-4,52;-0,016;-0,07;-0,09;-0,512;-0,026;0,278;0,769;-0,006;-0,218;9;-4,381;10
"E09000025";"Newham";2011;-8,716;1,114;-0,005;1,418;2,183;0,003;0,16;0,262;0,272;-0,065;2;6,725;10
"E09000026";"Redbridge";2011;-6,924;-1,608;0,176;0,341;1,95;-0,13;0,201;0,164;0,102;0,011;5;-0,634;10
"E09000027";"Richmond upon Thames";2011;-3,396;-0,167;-0,449;0,094;-0,512;0,008;-0,283;0,004;-0,132;-0,158;8;-2,174;10
"E09000028";"Southwark";2011;-5,949;1,202;0,267;-0,066;-3,65;0,125;0,114;0,689;-0,074;0,134;3;3,799;10
"E09000029";"Sutton";2011;-4,656;-0,479;-0,073;0,479;0,117;0,052;0,523;-1,152;-0,041;0,061;6;-1,237;10
"E09000030";"Tower Hamlets";2011;-8,653;2,172;0,274;0,346;0,404;0,221;0;0,773;-0,064;0,051;1;6,802;10
"E09000031";"Waltham Forest";2011;-5,953;-0,298;-0,273;0,063;-0,218;0,202;0,524;-0,345;0,187;-0,279;7;-1,584;10
"E09000032";"Wandsworth";2011;-4,182;0,869;0,041;-0,332;-5,648;-0,054;-0,548;0,091;-0,037;0,072;3;3,799;10
"E09000033";"Westminster";2011;-2,616;-0,432;0,814;0,774;-4,05;0,271;-0,485;-0,41;0,031;0,157;4;3,145;10
"E09000002";"Barking and Dagenham";2021;-15,838;-1,195;-0,222;0,537;0,952;-0,187;0,203;0,537;-0,143;-0,007;2;-2,794;2
"E09000003";"Barnet";2021;-9,485;0,204;-0,391;-0,297;0,501;-0,039;0,12;0,226;-0,076;-0,005;1;1,093;2
"E09000004";"Bexley";2021;-9,287;0,415;-0,188;0,322;0,234;-0,327;-0,267;-0,601;-0,135;-0,144;1;1,093;2
"E09000005";"Brent";2021;-10,529;-0,566;0,1;0,349;0;-0,16;0,286;0,539;0,006;0,068;2;-2,794;2
"E09000006";"Bromley";2021;-7,006;0,55;0,305;0,01;0,547;-0,121;-0,231;-0,764;-0,134;-0,128;1;1,093;2
"E09000007";"Camden";2021;-8,485;0,559;-0,185;-0,443;-1,507;0,392;-0,401;0,698;0,132;0,072;1;1,093;2
"E09000008";"Croydon";2021;-10,559;-0,527;0,056;-0,011;0,012;-0,143;0,4;-0,387;-0,16;-0,173;2;-2,794;2
"E09000009";"Ealing";2021;-9,953;-0,244;-0,275;-0,012;-0,113;0,012;-0,252;0,055;-0,042;0,026;1;1,093;2
"E09000010";"Enfield";2021;-10,822;-0,189;-0,132;-0,145;0,831;0,04;0,653;0,021;-0,111;-0,032;2;-2,794;2
"E09000011";"Greenwich";2021;-11,419;-0,121;0,172;0,151;0,287;0,158;-0,112;0,346;-0,01;-0,083;1;1,093;2
"E09000012";"Hackney";2021;-13,277;0,567;0,287;0,061;-1,424;-0,05;0,283;1,772;0,23;0,064;1;1,093;2
"E09000013";"Hammersmith and Fulham";2021;-8,757;0,19;0,288;-0,209;-1,353;-0,334;-0,17;0,076;0,013;0,147;1;1,093;2
"E09000014";"Haringey";2021;-10,739;0,692;-0,229;-0,162;-0,739;0,32;0,128;0,13;0,12;0,006;1;1,093;2
"E09000015";"Harrow";2021;-9,236;-1,044;0,025;0,184;0,098;-0,018;0,103;0,112;-0,155;0,078;2;-2,794;2
"E09000016";"Havering";2021;-8,743;0,561;0,03;0,627;1,371;-0,205;0,232;-0,545;-0,178;-0,108;1;1,093;2
"E09000017";"Hillingdon";2021;-11,275;-0,717;-0,02;0,479;0,787;-0,199;0,584;-0,29;-0,13;-0,084;2;-2,794;2
"E09000018";"Hounslow";2021;-10,312;-0,349;0,062;0,226;0,118;0,144;0,324;0,088;-0,167;-0,058;2;-2,794;2
"E09000019";"Islington";2021;-11,875;0,516;0,243;-0,231;-1,592;0,312;-0,175;0,443;0,104;0,13;1;1,093;2
"E09000020";"Kensington and Chelsea";2021;-3,681;0,533;-0,997;-0,345;-0,904;-0,651;-0,23;-0,84;0,226;0,192;1;1,093;2
"E09000021";"Kingston upon Thames";2021;-9,022;0,184;0,195;-0,352;-0,145;-0,142;-0,119;-0,294;-0,064;0,027;1;1,093;2
"E09000022";"Lambeth";2021;-11,177;0,396;0,409;0,015;-1,384;0,32;-0,227;0,08;0,124;0,074;1;1,093;2
"E09000023";"Lewisham";2021;-11,38;-0,176;0,226;0,317;-0,75;0,198;-0,049;-0,158;0,098;-0,102;1;1,093;2
"E09000024";"Merton";2021;-9,273;0,261;-0,071;-0,091;-0,327;-0,236;-0,119;-0,092;0,042;-0,192;1;1,093;2
"E09000025";"Newham";2021;-15,961;-1,088;0,105;0,861;0,195;0,273;0,242;1,336;-0,074;0,078;2;-2,794;2
"E09000026";"Redbridge";2021;-12,518;-1,45;-0,055;0,048;1,438;0,016;0,254;0,344;-0,145;-0,076;2;-2,794;2
"E09000027";"Richmond upon Thames";2021;-5,621;0,799;-0,225;-0,266;-0,284;-0,034;0,143;-0,754;-0,013;0,008;1;1,093;2
"E09000028";"Southwark";2021;-11,601;0,129;0,374;-0,051;-1,483;0,15;-0,17;0,339;0,12;0,051;1;1,093;2
"E09000029";"Sutton";2021;-9,301;0,305;-0,102;0,108;-0,044;-0,203;-0,124;-0,831;-0,157;-0,069;1;1,093;2
"E09000030";"Tower Hamlets";2021;-15,625;0,105;0,242;0,252;-0,835;0,076;0,453;1,154;-0,057;0,099;1;1,093;2
"E09000031";"Waltham Forest";2021;-11,174;-0,126;-0,035;0,609;0,813;0,265;-0,227;0,585;0,143;-0,045;1;1,093;2
"E09000032";"Wandsworth";2021;-8,884;0,446;0,223;-0,323;-1,774;0,17;-0,045;-0,533;0,041;0,049;1;1,093;2
"E09000033";"Westminster";2021;-5,55;0,204;-0,06;-0,225;-1,541;-0,39;-0,274;-0,656;0,269;0,111;1;1,093;2
"E09000002";"Barking and Dagenham";2021;-15,838;-1,195;-0,222;0,537;0,952;-0,187;0,203;0,537;-0,143;-0,007;3;-2,794;3
"E09000003";"Barnet";2021;-9,485;0,204;-0,391;-0,297;0,501;-0,039;0,12;0,226;-0,076;-0,005;2;-2,48;3
"E09000004";"Bexley";2021;-9,287;0,415;-0,188;0,322;0,234;-0,327;-0,267;-0,601;-0,135;-0,144;2;-2,48;3
"E09000005";"Brent";2021;-10,529;-0,566;0,1;0,349;0;-0,16;0,286;0,539;0,006;0,068;3;-2,794;3
"E09000006";"Bromley";2021;-7,006;0,55;0,305;0,01;0,547;-0,121;-0,231;-0,764;-0,134;-0,128;2;-2,48;3
"E09000007";"Camden";2021;-8,485;0,559;-0,185;-0,443;-1,507;0,392;-0,401;0,698;0,132;0,072;1;4,991;3
"E09000008";"Croydon";2021;-10,559;-0,527;0,056;-0,011;0,012;-0,143;0,4;-0,387;-0,16;-0,173;3;-2,794;3
"E09000009";"Ealing";2021;-9,953;-0,244;-0,275;-0,012;-0,113;0,012;-0,252;0,055;-0,042;0,026;2;-2,48;3
"E09000010";"Enfield";2021;-10,822;-0,189;-0,132;-0,145;0,831;0,04;0,653;0,021;-0,111;-0,032;3;-2,794;3
"E09000011";"Greenwich";2021;-11,419;-0,121;0,172;0,151;0,287;0,158;-0,112;0,346;-0,01;-0,083;1;4,991;3
"E09000012";"Hackney";2021;-13,277;0,567;0,287;0,061;-1,424;-0,05;0,283;1,772;0,23;0,064;1;4,991;3
"E09000013";"Hammersmith and Fulham";2021;-8,757;0,19;0,288;-0,209;-1,353;-0,334;-0,17;0,076;0,013;0,147;2;-2,48;3
"E09000014";"Haringey";2021;-10,739;0,692;-0,229;-0,162;-0,739;0,32;0,128;0,13;0,12;0,006;1;4,991;3
"E09000015";"Harrow";2021;-9,236;-1,044;0,025;0,184;0,098;-0,018;0,103;0,112;-0,155;0,078;3;-2,794;3
"E09000016";"Havering";2021;-8,743;0,561;0,03;0,627;1,371;-0,205;0,232;-0,545;-0,178;-0,108;2;-2,48;3
"E09000017";"Hillingdon";2021;-11,275;-0,717;-0,02;0,479;0,787;-0,199;0,584;-0,29;-0,13;-0,084;3;-2,794;3
"E09000018";"Hounslow";2021;-10,312;-0,349;0,062;0,226;0,118;0,144;0,324;0,088;-0,167;-0,058;3;-2,794;3
"E09000019";"Islington";2021;-11,875;0,516;0,243;-0,231;-1,592;0,312;-0,175;0,443;0,104;0,13;1;4,991;3
"E09000020";"Kensington and Chelsea";2021;-3,681;0,533;-0,997;-0,345;-0,904;-0,651;-0,23;-0,84;0,226;0,192;2;-2,48;3
"E09000021";"Kingston upon Thames";2021;-9,022;0,184;0,195;-0,352;-0,145;-0,142;-0,119;-0,294;-0,064;0,027;2;-2,48;3
"E09000022";"Lambeth";2021;-11,177;0,396;0,409;0,015;-1,384;0,32;-0,227;0,08;0,124;0,074;1;4,991;3
"E09000023";"Lewisham";2021;-11,38;-0,176;0,226;0,317;-0,75;0,198;-0,049;-0,158;0,098;-0,102;1;4,991;3
"E09000024";"Merton";2021;-9,273;0,261;-0,071;-0,091;-0,327;-0,236;-0,119;-0,092;0,042;-0,192;2;-2,48;3
"E09000025";"Newham";2021;-15,961;-1,088;0,105;0,861;0,195;0,273;0,242;1,336;-0,074;0,078;3;-2,794;3
"E09000026";"Redbridge";2021;-12,518;-1,45;-0,055;0,048;1,438;0,016;0,254;0,344;-0,145;-0,076;3;-2,794;3
"E09000027";"Richmond upon Thames";2021;-5,621;0,799;-0,225;-0,266;-0,284;-0,034;0,143;-0,754;-0,013;0,008;2;-2,48;3
"E09000028";"Southwark";2021;-11,601;0,129;0,374;-0,051;-1,483;0,15;-0,17;0,339;0,12;0,051;1;4,991;3
"E09000029";"Sutton";2021;-9,301;0,305;-0,102;0,108;-0,044;-0,203;-0,124;-0,831;-0,157;-0,069;2;-2,48;3
"E09000030";"Tower Hamlets";2021;-15,625;0,105;0,242;0,252;-0,835;0,076;0,453;1,154;-0,057;0,099;1;4,991;3
"E09000031";"Waltham Forest";2021;-11,174;-0,126;-0,035;0,609;0,813;0,265;-0,227;0,585;0,143;-0,045;1;4,991;3
"E09000032";"Wandsworth";2021;-8,884;0,446;0,223;-0,323;-1,774;0,17;-0,045;-0,533;0,041;0,049;1;4,991;3
"E09000033";"Westminster";2021;-5,55;0,204;-0,06;-0,225;-1,541;-0,39;-0,274;-0,656;0,269;0,111;2;-2,48;3
"E09000002";"Barking and Dagenham";2021;-15,838;-1,195;-0,222;0,537;0,952;-0,187;0,203;0,537;-0,143;-0,007;3;-2,794;4
"E09000003";"Barnet";2021;-9,485;0,204;-0,391;-0,297;0,501;-0,039;0,12;0,226;-0,076;-0,005;2;-2,252;4
"E09000004";"Bexley";2021;-9,287;0,415;-0,188;0,322;0,234;-0,327;-0,267;-0,601;-0,135;-0,144;2;-2,252;4
"E09000005";"Brent";2021;-10,529;-0,566;0,1;0,349;0;-0,16;0,286;0,539;0,006;0,068;3;-2,794;4
"E09000006";"Bromley";2021;-7,006;0,55;0,305;0,01;0,547;-0,121;-0,231;-0,764;-0,134;-0,128;2;-2,252;4
"E09000007";"Camden";2021;-8,485;0,559;-0,185;-0,443;-1,507;0,392;-0,401;0,698;0,132;0,072;1;4,991;4
"E09000008";"Croydon";2021;-10,559;-0,527;0,056;-0,011;0,012;-0,143;0,4;-0,387;-0,16;-0,173;3;-2,794;4
"E09000009";"Ealing";2021;-9,953;-0,244;-0,275;-0,012;-0,113;0,012;-0,252;0,055;-0,042;0,026;2;-2,252;4
"E09000010";"Enfield";2021;-10,822;-0,189;-0,132;-0,145;0,831;0,04;0,653;0,021;-0,111;-0,032;3;-2,794;4
"E09000011";"Greenwich";2021;-11,419;-0,121;0,172;0,151;0,287;0,158;-0,112;0,346;-0,01;-0,083;1;4,991;4
"E09000012";"Hackney";2021;-13,277;0,567;0,287;0,061;-1,424;-0,05;0,283;1,772;0,23;0,064;1;4,991;4
"E09000013";"Hammersmith and Fulham";2021;-8,757;0,19;0,288;-0,209;-1,353;-0,334;-0,17;0,076;0,013;0,147;2;-2,252;4
"E09000014";"Haringey";2021;-10,739;0,692;-0,229;-0,162;-0,739;0,32;0,128;0,13;0,12;0,006;1;4,991;4
"E09000015";"Harrow";2021;-9,236;-1,044;0,025;0,184;0,098;-0,018;0,103;0,112;-0,155;0,078;3;-2,794;4
"E09000016";"Havering";2021;-8,743;0,561;0,03;0,627;1,371;-0,205;0,232;-0,545;-0,178;-0,108;2;-2,252;4
"E09000017";"Hillingdon";2021;-11,275;-0,717;-0,02;0,479;0,787;-0,199;0,584;-0,29;-0,13;-0,084;3;-2,794;4
"E09000018";"Hounslow";2021;-10,312;-0,349;0,062;0,226;0,118;0,144;0,324;0,088;-0,167;-0,058;3;-2,794;4
"E09000019";"Islington";2021;-11,875;0,516;0,243;-0,231;-1,592;0,312;-0,175;0,443;0,104;0,13;1;4,991;4
"E09000020";"Kensington and Chelsea";2021;-3,681;0,533;-0,997;-0,345;-0,904;-0,651;-0,23;-0,84;0,226;0,192;4;-4,978;4
"E09000021";"Kingston upon Thames";2021;-9,022;0,184;0,195;-0,352;-0,145;-0,142;-0,119;-0,294;-0,064;0,027;2;-2,252;4
"E09000022";"Lambeth";2021;-11,177;0,396;0,409;0,015;-1,384;0,32;-0,227;0,08;0,124;0,074;1;4,991;4
"E09000023";"Lewisham";2021;-11,38;-0,176;0,226;0,317;-0,75;0,198;-0,049;-0,158;0,098;-0,102;1;4,991;4
"E09000024";"Merton";2021;-9,273;0,261;-0,071;-0,091;-0,327;-0,236;-0,119;-0,092;0,042;-0,192;2;-2,252;4
"E09000025";"Newham";2021;-15,961;-1,088;0,105;0,861;0,195;0,273;0,242;1,336;-0,074;0,078;3;-2,794;4
"E09000026";"Redbridge";2021;-12,518;-1,45;-0,055;0,048;1,438;0,016;0,254;0,344;-0,145;-0,076;3;-2,794;4
"E09000027";"Richmond upon Thames";2021;-5,621;0,799;-0,225;-0,266;-0,284;-0,034;0,143;-0,754;-0,013;0,008;2;-2,252;4
"E09000028";"Southwark";2021;-11,601;0,129;0,374;-0,051;-1,483;0,15;-0,17;0,339;0,12;0,051;1;4,991;4
"E09000029";"Sutton";2021;-9,301;0,305;-0,102;0,108;-0,044;-0,203;-0,124;-0,831;-0,157;-0,069;2;-2,252;4
"E09000030";"Tower Hamlets";2021;-15,625;0,105;0,242;0,252;-0,835;0,076;0,453;1,154;-0,057;0,099;1;4,991;4
"E09000031";"Waltham Forest";2021;-11,174;-0,126;-0,035;0,609;0,813;0,265;-0,227;0,585;0,143;-0,045;1;4,991;4
"E09000032";"Wandsworth";2021;-8,884;0,446;0,223;-0,323;-1,774;0,17;-0,045;-0,533;0,041;0,049;1;4,991;4
"E09000033";"Westminster";2021;-5,55;0,204;-0,06;-0,225;-1,541;-0,39;-0,274;-0,656;0,269;0,111;2;-2,252;4
"E09000002";"Barking and Dagenham";2021;-15,838;-1,195;-0,222;0,537;0,952;-0,187;0,203;0,537;-0,143;-0,007;3;-2,794;5
"E09000003";"Barnet";2021;-9,485;0,204;-0,391;-0,297;0,501;-0,039;0,12;0,226;-0,076;-0,005;2;-1,173;5
"E09000004";"Bexley";2021;-9,287;0,415;-0,188;0,322;0,234;-0,327;-0,267;-0,601;-0,135;-0,144;4;-3,548;5
"E09000005";"Brent";2021;-10,529;-0,566;0,1;0,349;0;-0,16;0,286;0,539;0,006;0,068;3;-2,794;5
"E09000006";"Bromley";2021;-7,006;0,55;0,305;0,01;0,547;-0,121;-0,231;-0,764;-0,134;-0,128;4;-3,548;5
"E09000007";"Camden";2021;-8,485;0,559;-0,185;-0,443;-1,507;0,392;-0,401;0,698;0,132;0,072;1;4,991;5
"E09000008";"Croydon";2021;-10,559;-0,527;0,056;-0,011;0,012;-0,143;0,4;-0,387;-0,16;-0,173;3;-2,794;5
"E09000009";"Ealing";2021;-9,953;-0,244;-0,275;-0,012;-0,113;0,012;-0,252;0,055;-0,042;0,026;2;-1,173;5
"E09000010";"Enfield";2021;-10,822;-0,189;-0,132;-0,145;0,831;0,04;0,653;0,021;-0,111;-0,032;3;-2,794;5
"E09000011";"Greenwich";2021;-11,419;-0,121;0,172;0,151;0,287;0,158;-0,112;0,346;-0,01;-0,083;1;4,991;5
"E09000012";"Hackney";2021;-13,277;0,567;0,287;0,061;-1,424;-0,05;0,283;1,772;0,23;0,064;1;4,991;5
"E09000013";"Hammersmith and Fulham";2021;-8,757;0,19;0,288;-0,209;-1,353;-0,334;-0,17;0,076;0,013;0,147;2;-1,173;5
"E09000014";"Haringey";2021;-10,739;0,692;-0,229;-0,162;-0,739;0,32;0,128;0,13;0,12;0,006;1;4,991;5
"E09000015";"Harrow";2021;-9,236;-1,044;0,025;0,184;0,098;-0,018;0,103;0,112;-0,155;0,078;3;-2,794;5
"E09000016";"Havering";2021;-8,743;0,561;0,03;0,627;1,371;-0,205;0,232;-0,545;-0,178;-0,108;4;-3,548;5
"E09000017";"Hillingdon";2021;-11,275;-0,717;-0,02;0,479;0,787;-0,199;0,584;-0,29;-0,13;-0,084;3;-2,794;5
"E09000018";"Hounslow";2021;-10,312;-0,349;0,062;0,226;0,118;0,144;0,324;0,088;-0,167;-0,058;3;-2,794;5
"E09000019";"Islington";2021;-11,875;0,516;0,243;-0,231;-1,592;0,312;-0,175;0,443;0,104;0,13;1;4,991;5
"E09000020";"Kensington and Chelsea";2021;-3,681;0,533;-0,997;-0,345;-0,904;-0,651;-0,23;-0,84;0,226;0,192;5;-4,978;5
"E09000021";"Kingston upon Thames";2021;-9,022;0,184;0,195;-0,352;-0,145;-0,142;-0,119;-0,294;-0,064;0,027;2;-1,173;5
"E09000022";"Lambeth";2021;-11,177;0,396;0,409;0,015;-1,384;0,32;-0,227;0,08;0,124;0,074;1;4,991;5
"E09000023";"Lewisham";2021;-11,38;-0,176;0,226;0,317;-0,75;0,198;-0,049;-0,158;0,098;-0,102;1;4,991;5
"E09000024";"Merton";2021;-9,273;0,261;-0,071;-0,091;-0,327;-0,236;-0,119;-0,092;0,042;-0,192;4;-3,548;5
"E09000025";"Newham";2021;-15,961;-1,088;0,105;0,861;0,195;0,273;0,242;1,336;-0,074;0,078;3;-2,794;5
"E09000026";"Redbridge";2021;-12,518;-1,45;-0,055;0,048;1,438;0,016;0,254;0,344;-0,145;-0,076;3;-2,794;5
"E09000027";"Richmond upon Thames";2021;-5,621;0,799;-0,225;-0,266;-0,284;-0,034;0,143;-0,754;-0,013;0,008;2;-1,173;5
"E09000028";"Southwark";2021;-11,601;0,129;0,374;-0,051;-1,483;0,15;-0,17;0,339;0,12;0,051;1;4,991;5
"E09000029";"Sutton";2021;-9,301;0,305;-0,102;0,108;-0,044;-0,203;-0,124;-0,831;-0,157;-0,069;4;-3,548;5
"E09000030";"Tower Hamlets";2021;-15,625;0,105;0,242;0,252;-0,835;0,076;0,453;1,154;-0,057;0,099;1;4,991;5
"E09000031";"Waltham Forest";2021;-11,174;-0,126;-0,035;0,609;0,813;0,265;-0,227;0,585;0,143;-0,045;1;4,991;5
"E09000032";"Wandsworth";2021;-8,884;0,446;0,223;-0,323;-1,774;0,17;-0,045;-0,533;0,041;0,049;1;4,991;5
"E09000033";"Westminster";2021;-5,55;0,204;-0,06;-0,225;-1,541;-0,39;-0,274;-0,656;0,269;0,111;2;-1,173;5
"E09000002";"Barking and Dagenham";2021;-15,838;-1,195;-0,222;0,537;0,952;-0,187;0,203;0,537;-0,143;-0,007;4;-2,794;6
"E09000003";"Barnet";2021;-9,485;0,204;-0,391;-0,297;0,501;-0,039;0,12;0,226;-0,076;-0,005;3;-1,173;6
"E09000004";"Bexley";2021;-9,287;0,415;-0,188;0,322;0,234;-0,327;-0,267;-0,601;-0,135;-0,144;5;-3,548;6
"E09000005";"Brent";2021;-10,529;-0,566;0,1;0,349;0;-0,16;0,286;0,539;0,006;0,068;4;-2,794;6
"E09000006";"Bromley";2021;-7,006;0,55;0,305;0,01;0,547;-0,121;-0,231;-0,764;-0,134;-0,128;5;-3,548;6
"E09000007";"Camden";2021;-8,485;0,559;-0,185;-0,443;-1,507;0,392;-0,401;0,698;0,132;0,072;1;5,421;6
"E09000008";"Croydon";2021;-10,559;-0,527;0,056;-0,011;0,012;-0,143;0,4;-0,387;-0,16;-0,173;4;-2,794;6
"E09000009";"Ealing";2021;-9,953;-0,244;-0,275;-0,012;-0,113;0,012;-0,252;0,055;-0,042;0,026;3;-1,173;6
"E09000010";"Enfield";2021;-10,822;-0,189;-0,132;-0,145;0,831;0,04;0,653;0,021;-0,111;-0,032;4;-2,794;6
"E09000011";"Greenwich";2021;-11,419;-0,121;0,172;0,151;0,287;0,158;-0,112;0,346;-0,01;-0,083;2;4,476;6
"E09000012";"Hackney";2021;-13,277;0,567;0,287;0,061;-1,424;-0,05;0,283;1,772;0,23;0,064;2;4,476;6
"E09000013";"Hammersmith and Fulham";2021;-8,757;0,19;0,288;-0,209;-1,353;-0,334;-0,17;0,076;0,013;0,147;3;-1,173;6
"E09000014";"Haringey";2021;-10,739;0,692;-0,229;-0,162;-0,739;0,32;0,128;0,13;0,12;0,006;1;5,421;6
"E09000015";"Harrow";2021;-9,236;-1,044;0,025;0,184;0,098;-0,018;0,103;0,112;-0,155;0,078;4;-2,794;6
"E09000016";"Havering";2021;-8,743;0,561;0,03;0,627;1,371;-0,205;0,232;-0,545;-0,178;-0,108;5;-3,548;6
"E09000017";"Hillingdon";2021;-11,275;-0,717;-0,02;0,479;0,787;-0,199;0,584;-0,29;-0,13;-0,084;4;-2,794;6
"E09000018";"Hounslow";2021;-10,312;-0,349;0,062;0,226;0,118;0,144;0,324;0,088;-0,167;-0,058;4;-2,794;6
"E09000019";"Islington";2021;-11,875;0,516;0,243;-0,231;-1,592;0,312;-0,175;0,443;0,104;0,13;1;5,421;6
"E09000020";"Kensington and Chelsea";2021;-3,681;0,533;-0,997;-0,345;-0,904;-0,651;-0,23;-0,84;0,226;0,192;6;-4,978;6
"E09000021";"Kingston upon Thames";2021;-9,022;0,184;0,195;-0,352;-0,145;-0,142;-0,119;-0,294;-0,064;0,027;3;-1,173;6
"E09000022";"Lambeth";2021;-11,177;0,396;0,409;0,015;-1,384;0,32;-0,227;0,08;0,124;0,074;1;5,421;6
"E09000023";"Lewisham";2021;-11,38;-0,176;0,226;0,317;-0,75;0,198;-0,049;-0,158;0,098;-0,102;2;4,476;6
"E09000024";"Merton";2021;-9,273;0,261;-0,071;-0,091;-0,327;-0,236;-0,119;-0,092;0,042;-0,192;5;-3,548;6
"E09000025";"Newham";2021;-15,961;-1,088;0,105;0,861;0,195;0,273;0,242;1,336;-0,074;0,078;4;-2,794;6
"E09000026";"Redbridge";2021;-12,518;-1,45;-0,055;0,048;1,438;0,016;0,254;0,344;-0,145;-0,076;4;-2,794;6
"E09000027";"Richmond upon Thames";2021;-5,621;0,799;-0,225;-0,266;-0,284;-0,034;0,143;-0,754;-0,013;0,008;3;-1,173;6
"E09000028";"Southwark";2021;-11,601;0,129;0,374;-0,051;-1,483;0,15;-0,17;0,339;0,12;0,051;1;5,421;6
"E09000029";"Sutton";2021;-9,301;0,305;-0,102;0,108;-0,044;-0,203;-0,124;-0,831;-0,157;-0,069;5;-3,548;6
"E09000030";"Tower Hamlets";2021;-15,625;0,105;0,242;0,252;-0,835;0,076;0,453;1,154;-0,057;0,099;2;4,476;6
"E09000031";"Waltham Forest";2021;-11,174;-0,126;-0,035;0,609;0,813;0,265;-0,227;0,585;0,143;-0,045;2;4,476;6
"E09000032";"Wandsworth";2021;-8,884;0,446;0,223;-0,323;-1,774;0,17;-0,045;-0,533;0,041;0,049;1;5,421;6
"E09000033";"Westminster";2021;-5,55;0,204;-0,06;-0,225;-1,541;-0,39;-0,274;-0,656;0,269;0,111;3;-1,173;6
"E09000002";"Barking and Dagenham";2021;-15,838;-1,195;-0,222;0,537;0,952;-0,187;0,203;0,537;-0,143;-0,007;5;-2,794;7
"E09000003";"Barnet";2021;-9,485;0,204;-0,391;-0,297;0,501;-0,039;0,12;0,226;-0,076;-0,005;4;-1,173;7
"E09000004";"Bexley";2021;-9,287;0,415;-0,188;0,322;0,234;-0,327;-0,267;-0,601;-0,135;-0,144;6;-3,548;7
"E09000005";"Brent";2021;-10,529;-0,566;0,1;0,349;0;-0,16;0,286;0,539;0,006;0,068;5;-2,794;7
"E09000006";"Bromley";2021;-7,006;0,55;0,305;0,01;0,547;-0,121;-0,231;-0,764;-0,134;-0,128;6;-3,548;7
"E09000007";"Camden";2021;-8,485;0,559;-0,185;-0,443;-1,507;0,392;-0,401;0,698;0,132;0,072;2;5,421;7
"E09000008";"Croydon";2021;-10,559;-0,527;0,056;-0,011;0,012;-0,143;0,4;-0,387;-0,16;-0,173;5;-2,794;7
"E09000009";"Ealing";2021;-9,953;-0,244;-0,275;-0,012;-0,113;0,012;-0,252;0,055;-0,042;0,026;4;-1,173;7
"E09000010";"Enfield";2021;-10,822;-0,189;-0,132;-0,145;0,831;0,04;0,653;0,021;-0,111;-0,032;5;-2,794;7
"E09000011";"Greenwich";2021;-11,419;-0,121;0,172;0,151;0,287;0,158;-0,112;0,346;-0,01;-0,083;3;2,798;7
"E09000012";"Hackney";2021;-13,277;0,567;0,287;0,061;-1,424;-0,05;0,283;1,772;0,23;0,064;1;6,992;7
"E09000013";"Hammersmith and Fulham";2021;-8,757;0,19;0,288;-0,209;-1,353;-0,334;-0,17;0,076;0,013;0,147;4;-1,173;7
"E09000014";"Haringey";2021;-10,739;0,692;-0,229;-0,162;-0,739;0,32;0,128;0,13;0,12;0,006;2;5,421;7
"E09000015";"Harrow";2021;-9,236;-1,044;0,025;0,184;0,098;-0,018;0,103;0,112;-0,155;0,078;5;-2,794;7
"E09000016";"Havering";2021;-8,743;0,561;0,03;0,627;1,371;-0,205;0,232;-0,545;-0,178;-0,108;6;-3,548;7
"E09000017";"Hillingdon";2021;-11,275;-0,717;-0,02;0,479;0,787;-0,199;0,584;-0,29;-0,13;-0,084;5;-2,794;7
"E09000018";"Hounslow";2021;-10,312;-0,349;0,062;0,226;0,118;0,144;0,324;0,088;-0,167;-0,058;5;-2,794;7
"E09000019";"Islington";2021;-11,875;0,516;0,243;-0,231;-1,592;0,312;-0,175;0,443;0,104;0,13;2;5,421;7
"E09000020";"Kensington and Chelsea";2021;-3,681;0,533;-0,997;-0,345;-0,904;-0,651;-0,23;-0,84;0,226;0,192;7;-4,978;7
"E09000021";"Kingston upon Thames";2021;-9,022;0,184;0,195;-0,352;-0,145;-0,142;-0,119;-0,294;-0,064;0,027;4;-1,173;7
"E09000022";"Lambeth";2021;-11,177;0,396;0,409;0,015;-1,384;0,32;-0,227;0,08;0,124;0,074;2;5,421;7
"E09000023";"Lewisham";2021;-11,38;-0,176;0,226;0,317;-0,75;0,198;-0,049;-0,158;0,098;-0,102;3;2,798;7
"E09000024";"Merton";2021;-9,273;0,261;-0,071;-0,091;-0,327;-0,236;-0,119;-0,092;0,042;-0,192;6;-3,548;7
"E09000025";"Newham";2021;-15,961;-1,088;0,105;0,861;0,195;0,273;0,242;1,336;-0,074;0,078;5;-2,794;7
"E09000026";"Redbridge";2021;-12,518;-1,45;-0,055;0,048;1,438;0,016;0,254;0,344;-0,145;-0,076;5;-2,794;7
"E09000027";"Richmond upon Thames";2021;-5,621;0,799;-0,225;-0,266;-0,284;-0,034;0,143;-0,754;-0,013;0,008;4;-1,173;7
"E09000028";"Southwark";2021;-11,601;0,129;0,374;-0,051;-1,483;0,15;-0,17;0,339;0,12;0,051;2;5,421;7
"E09000029";"Sutton";2021;-9,301;0,305;-0,102;0,108;-0,044;-0,203;-0,124;-0,831;-0,157;-0,069;6;-3,548;7
"E09000030";"Tower Hamlets";2021;-15,625;0,105;0,242;0,252;-0,835;0,076;0,453;1,154;-0,057;0,099;1;6,992;7
"E09000031";"Waltham Forest";2021;-11,174;-0,126;-0,035;0,609;0,813;0,265;-0,227;0,585;0,143;-0,045;3;2,798;7
"E09000032";"Wandsworth";2021;-8,884;0,446;0,223;-0,323;-1,774;0,17;-0,045;-0,533;0,041;0,049;2;5,421;7
"E09000033";"Westminster";2021;-5,55;0,204;-0,06;-0,225;-1,541;-0,39;-0,274;-0,656;0,269;0,111;4;-1,173;7
"E09000002";"Barking and Dagenham";2021;-15,838;-1,195;-0,222;0,537;0,952;-0,187;0,203;0,537;-0,143;-0,007;4;-0,974;8
"E09000003";"Barnet";2021;-9,485;0,204;-0,391;-0,297;0,501;-0,039;0,12;0,226;-0,076;-0,005;5;-1,173;8
"E09000004";"Bexley";2021;-9,287;0,415;-0,188;0,322;0,234;-0,327;-0,267;-0,601;-0,135;-0,144;6;-3,548;8
"E09000005";"Brent";2021;-10,529;-0,566;0,1;0,349;0;-0,16;0,286;0,539;0,006;0,068;4;-0,974;8
"E09000006";"Bromley";2021;-7,006;0,55;0,305;0,01;0,547;-0,121;-0,231;-0,764;-0,134;-0,128;6;-3,548;8
"E09000007";"Camden";2021;-8,485;0,559;-0,185;-0,443;-1,507;0,392;-0,401;0,698;0,132;0,072;2;5,421;8
"E09000008";"Croydon";2021;-10,559;-0,527;0,056;-0,011;0,012;-0,143;0,4;-0,387;-0,16;-0,173;8;-5,069;8
"E09000009";"Ealing";2021;-9,953;-0,244;-0,275;-0,012;-0,113;0,012;-0,252;0,055;-0,042;0,026;5;-1,173;8
"E09000010";"Enfield";2021;-10,822;-0,189;-0,132;-0,145;0,831;0,04;0,653;0,021;-0,111;-0,032;8;-5,069;8
"E09000011";"Greenwich";2021;-11,419;-0,121;0,172;0,151;0,287;0,158;-0,112;0,346;-0,01;-0,083;3;2,798;8
"E09000012";"Hackney";2021;-13,277;0,567;0,287;0,061;-1,424;-0,05;0,283;1,772;0,23;0,064;1;6,992;8
"E09000013";"Hammersmith and Fulham";2021;-8,757;0,19;0,288;-0,209;-1,353;-0,334;-0,17;0,076;0,013;0,147;5;-1,173;8
"E09000014";"Haringey";2021;-10,739;0,692;-0,229;-0,162;-0,739;0,32;0,128;0,13;0,12;0,006;2;5,421;8
"E09000015";"Harrow";2021;-9,236;-1,044;0,025;0,184;0,098;-0,018;0,103;0,112;-0,155;0,078;4;-0,974;8
"E09000016";"Havering";2021;-8,743;0,561;0,03;0,627;1,371;-0,205;0,232;-0,545;-0,178;-0,108;6;-3,548;8
"E09000017";"Hillingdon";2021;-11,275;-0,717;-0,02;0,479;0,787;-0,199;0,584;-0,29;-0,13;-0,084;8;-5,069;8
"E09000018";"Hounslow";2021;-10,312;-0,349;0,062;0,226;0,118;0,144;0,324;0,088;-0,167;-0,058;8;-5,069;8
"E09000019";"Islington";2021;-11,875;0,516;0,243;-0,231;-1,592;0,312;-0,175;0,443;0,104;0,13;2;5,421;8
"E09000020";"Kensington and Chelsea";2021;-3,681;0,533;-0,997;-0,345;-0,904;-0,651;-0,23;-0,84;0,226;0,192;7;-4,978;8
"E09000021";"Kingston upon Thames";2021;-9,022;0,184;0,195;-0,352;-0,145;-0,142;-0,119;-0,294;-0,064;0,027;5;-1,173;8
"E09000022";"Lambeth";2021;-11,177;0,396;0,409;0,015;-1,384;0,32;-0,227;0,08;0,124;0,074;2;5,421;8
"E09000023";"Lewisham";2021;-11,38;-0,176;0,226;0,317;-0,75;0,198;-0,049;-0,158;0,098;-0,102;3;2,798;8
"E09000024";"Merton";2021;-9,273;0,261;-0,071;-0,091;-0,327;-0,236;-0,119;-0,092;0,042;-0,192;6;-3,548;8
"E09000025";"Newham";2021;-15,961;-1,088;0,105;0,861;0,195;0,273;0,242;1,336;-0,074;0,078;4;-0,974;8
"E09000026";"Redbridge";2021;-12,518;-1,45;-0,055;0,048;1,438;0,016;0,254;0,344;-0,145;-0,076;4;-0,974;8
"E09000027";"Richmond upon Thames";2021;-5,621;0,799;-0,225;-0,266;-0,284;-0,034;0,143;-0,754;-0,013;0,008;5;-1,173;8
"E09000028";"Southwark";2021;-11,601;0,129;0,374;-0,051;-1,483;0,15;-0,17;0,339;0,12;0,051;2;5,421;8
"E09000029";"Sutton";2021;-9,301;0,305;-0,102;0,108;-0,044;-0,203;-0,124;-0,831;-0,157;-0,069;6;-3,548;8
"E09000030";"Tower Hamlets";2021;-15,625;0,105;0,242;0,252;-0,835;0,076;0,453;1,154;-0,057;0,099;1;6,992;8
"E09000031";"Waltham Forest";2021;-11,174;-0,126;-0,035;0,609;0,813;0,265;-0,227;0,585;0,143;-0,045;3;2,798;8
"E09000032";"Wandsworth";2021;-8,884;0,446;0,223;-0,323;-1,774;0,17;-0,045;-0,533;0,041;0,049;2;5,421;8
"E09000033";"Westminster";2021;-5,55;0,204;-0,06;-0,225;-1,541;-0,39;-0,274;-0,656;0,269;0,111;5;-1,173;8
"E09000002";"Barking and Dagenham";2021;-15,838;-1,195;-0,222;0,537;0,952;-0,187;0,203;0,537;-0,143;-0,007;5;-0,974;9
"E09000003";"Barnet";2021;-9,485;0,204;-0,391;-0,297;0,501;-0,039;0,12;0,226;-0,076;-0,005;6;-2,834;9
"E09000004";"Bexley";2021;-9,287;0,415;-0,188;0,322;0,234;-0,327;-0,267;-0,601;-0,135;-0,144;7;-3,548;9
"E09000005";"Brent";2021;-10,529;-0,566;0,1;0,349;0;-0,16;0,286;0,539;0,006;0,068;5;-0,974;9
"E09000006";"Bromley";2021;-7,006;0,55;0,305;0,01;0,547;-0,121;-0,231;-0,764;-0,134;-0,128;7;-3,548;9
"E09000007";"Camden";2021;-8,485;0,559;-0,185;-0,443;-1,507;0,392;-0,401;0,698;0,132;0,072;2;5,421;9
"E09000008";"Croydon";2021;-10,559;-0,527;0,056;-0,011;0,012;-0,143;0,4;-0,387;-0,16;-0,173;9;-5,069;9
"E09000009";"Ealing";2021;-9,953;-0,244;-0,275;-0,012;-0,113;0,012;-0,252;0,055;-0,042;0,026;6;-2,834;9
"E09000010";"Enfield";2021;-10,822;-0,189;-0,132;-0,145;0,831;0,04;0,653;0,021;-0,111;-0,032;9;-5,069;9
"E09000011";"Greenwich";2021;-11,419;-0,121;0,172;0,151;0,287;0,158;-0,112;0,346;-0,01;-0,083;3;2,798;9
"E09000012";"Hackney";2021;-13,277;0,567;0,287;0,061;-1,424;-0,05;0,283;1,772;0,23;0,064;1;6,992;9
"E09000013";"Hammersmith and Fulham";2021;-8,757;0,19;0,288;-0,209;-1,353;-0,334;-0,17;0,076;0,013;0,147;4;0,488;9
"E09000014";"Haringey";2021;-10,739;0,692;-0,229;-0,162;-0,739;0,32;0,128;0,13;0,12;0,006;2;5,421;9
"E09000015";"Harrow";2021;-9,236;-1,044;0,025;0,184;0,098;-0,018;0,103;0,112;-0,155;0,078;5;-0,974;9
"E09000016";"Havering";2021;-8,743;0,561;0,03;0,627;1,371;-0,205;0,232;-0,545;-0,178;-0,108;7;-3,548;9
"E09000017";"Hillingdon";2021;-11,275;-0,717;-0,02;0,479;0,787;-0,199;0,584;-0,29;-0,13;-0,084;9;-5,069;9
"E09000018";"Hounslow";2021;-10,312;-0,349;0,062;0,226;0,118;0,144;0,324;0,088;-0,167;-0,058;9;-5,069;9
"E09000019";"Islington";2021;-11,875;0,516;0,243;-0,231;-1,592;0,312;-0,175;0,443;0,104;0,13;2;5,421;9
"E09000020";"Kensington and Chelsea";2021;-3,681;0,533;-0,997;-0,345;-0,904;-0,651;-0,23;-0,84;0,226;0,192;8;-4,978;9
"E09000021";"Kingston upon Thames";2021;-9,022;0,184;0,195;-0,352;-0,145;-0,142;-0,119;-0,294;-0,064;0,027;4;0,488;9
"E09000022";"Lambeth";2021;-11,177;0,396;0,409;0,015;-1,384;0,32;-0,227;0,08;0,124;0,074;2;5,421;9
"E09000023";"Lewisham";2021;-11,38;-0,176;0,226;0,317;-0,75;0,198;-0,049;-0,158;0,098;-0,102;3;2,798;9
"E09000024";"Merton";2021;-9,273;0,261;-0,071;-0,091;-0,327;-0,236;-0,119;-0,092;0,042;-0,192;7;-3,548;9
"E09000025";"Newham";2021;-15,961;-1,088;0,105;0,861;0,195;0,273;0,242;1,336;-0,074;0,078;5;-0,974;9
"E09000026";"Redbridge";2021;-12,518;-1,45;-0,055;0,048;1,438;0,016;0,254;0,344;-0,145;-0,076;5;-0,974;9
"E09000027";"Richmond upon Thames";2021;-5,621;0,799;-0,225;-0,266;-0,284;-0,034;0,143;-0,754;-0,013;0,008;6;-2,834;9
"E09000028";"Southwark";2021;-11,601;0,129;0,374;-0,051;-1,483;0,15;-0,17;0,339;0,12;0,051;2;5,421;9
"E09000029";"Sutton";2021;-9,301;0,305;-0,102;0,108;-0,044;-0,203;-0,124;-0,831;-0,157;-0,069;7;-3,548;9
"E09000030";"Tower Hamlets";2021;-15,625;0,105;0,242;0,252;-0,835;0,076;0,453;1,154;-0,057;0,099;1;6,992;9
"E09000031";"Waltham Forest";2021;-11,174;-0,126;-0,035;0,609;0,813;0,265;-0,227;0,585;0,143;-0,045;3;2,798;9
"E09000032";"Wandsworth";2021;-8,884;0,446;0,223;-0,323;-1,774;0,17;-0,045;-0,533;0,041;0,049;2;5,421;9
"E09000033";"Westminster";2021;-5,55;0,204;-0,06;-0,225;-1,541;-0,39;-0,274;-0,656;0,269;0,111;4;0,488;9
"E09000002";"Barking and Dagenham";2021;-15,838;-1,195;-0,222;0,537;0,952;-0,187;0,203;0,537;-0,143;-0,007;6;-2,562;10
"E09000003";"Barnet";2021;-9,485;0,204;-0,391;-0,297;0,501;-0,039;0,12;0,226;-0,076;-0,005;7;-2,834;10
"E09000004";"Bexley";2021;-9,287;0,415;-0,188;0,322;0,234;-0,327;-0,267;-0,601;-0,135;-0,144;8;-3,548;10
"E09000005";"Brent";2021;-10,529;-0,566;0,1;0,349;0;-0,16;0,286;0,539;0,006;0,068;6;-2,562;10
"E09000006";"Bromley";2021;-7,006;0,55;0,305;0,01;0,547;-0,121;-0,231;-0,764;-0,134;-0,128;8;-3,548;10
"E09000007";"Camden";2021;-8,485;0,559;-0,185;-0,443;-1,507;0,392;-0,401;0,698;0,132;0,072;2;5,421;10
"E09000008";"Croydon";2021;-10,559;-0,527;0,056;-0,011;0,012;-0,143;0,4;-0,387;-0,16;-0,173;10;-5,069;10
"E09000009";"Ealing";2021;-9,953;-0,244;-0,275;-0,012;-0,113;0,012;-0,252;0,055;-0,042;0,026;7;-2,834;10
"E09000010";"Enfield";2021;-10,822;-0,189;-0,132;-0,145;0,831;0,04;0,653;0,021;-0,111;-0,032;10;-5,069;10
"E09000011";"Greenwich";2021;-11,419;-0,121;0,172;0,151;0,287;0,158;-0,112;0,346;-0,01;-0,083;4;2,798;10
"E09000012";"Hackney";2021;-13,277;0,567;0,287;0,061;-1,424;-0,05;0,283;1,772;0,23;0,064;1;6,992;10
"E09000013";"Hammersmith and Fulham";2021;-8,757;0,19;0,288;-0,209;-1,353;-0,334;-0,17;0,076;0,013;0,147;5;0,488;10
"E09000014";"Haringey";2021;-10,739;0,692;-0,229;-0,162;-0,739;0,32;0,128;0,13;0,12;0,006;2;5,421;10
"E09000015";"Harrow";2021;-9,236;-1,044;0,025;0,184;0,098;-0,018;0,103;0,112;-0,155;0,078;6;-2,562;10
"E09000016";"Havering";2021;-8,743;0,561;0,03;0,627;1,371;-0,205;0,232;-0,545;-0,178;-0,108;8;-3,548;10
"E09000017";"Hillingdon";2021;-11,275;-0,717;-0,02;0,479;0,787;-0,199;0,584;-0,29;-0,13;-0,084;10;-5,069;10
"E09000018";"Hounslow";2021;-10,312;-0,349;0,062;0,226;0,118;0,144;0,324;0,088;-0,167;-0,058;10;-5,069;10
"E09000019";"Islington";2021;-11,875;0,516;0,243;-0,231;-1,592;0,312;-0,175;0,443;0,104;0,13;2;5,421;10
"E09000020";"Kensington and Chelsea";2021;-3,681;0,533;-0,997;-0,345;-0,904;-0,651;-0,23;-0,84;0,226;0,192;9;-4,978;10
"E09000021";"Kingston upon Thames";2021;-9,022;0,184;0,195;-0,352;-0,145;-0,142;-0,119;-0,294;-0,064;0,027;5;0,488;10
"E09000022";"Lambeth";2021;-11,177;0,396;0,409;0,015;-1,384;0,32;-0,227;0,08;0,124;0,074;2;5,421;10
"E09000023";"Lewisham";2021;-11,38;-0,176;0,226;0,317;-0,75;0,198;-0,049;-0,158;0,098;-0,102;4;2,798;10
"E09000024";"Merton";2021;-9,273;0,261;-0,071;-0,091;-0,327;-0,236;-0,119;-0,092;0,042;-0,192;8;-3,548;10
"E09000025";"Newham";2021;-15,961;-1,088;0,105;0,861;0,195;0,273;0,242;1,336;-0,074;0,078;3;5,377;10
"E09000026";"Redbridge";2021;-12,518;-1,45;-0,055;0,048;1,438;0,016;0,254;0,344;-0,145;-0,076;6;-2,562;10
"E09000027";"Richmond upon Thames";2021;-5,621;0,799;-0,225;-0,266;-0,284;-0,034;0,143;-0,754;-0,013;0,008;7;-2,834;10
"E09000028";"Southwark";2021;-11,601;0,129;0,374;-0,051;-1,483;0,15;-0,17;0,339;0,12;0,051;2;5,421;10
"E09000029";"Sutton";2021;-9,301;0,305;-0,102;0,108;-0,044;-0,203;-0,124;-0,831;-0,157;-0,069;8;-3,548;10
"E09000030";"Tower Hamlets";2021;-15,625;0,105;0,242;0,252;-0,835;0,076;0,453;1,154;-0,057;0,099;1;6,992;10
"E09000031";"Waltham Forest";2021;-11,174;-0,126;-0,035;0,609;0,813;0,265;-0,227;0,585;0,143;-0,045;4;2,798;10
"E09000032";"Wandsworth";2021;-8,884;0,446;0,223;-0,323;-1,774;0,17;-0,045;-0,533;0,041;0,049;2;5,421;10
"E09000033";"Westminster";2021;-5,55;0,204;-0,06;-0,225;-1,541;-0,39;-0,274;-0,656;0,269;0,111;5;0,488;10
"E09000002";"Barking and Dagenham";2025;-0,465;-2,655;-0,126;0,649;0,271;-1,255;0,967;0,506;0,409;-0,362;2;-0,264;2
"E09000003";"Barnet";2025;0,012;-0,114;0,066;-0,662;-0,18;0,016;-0,099;0,208;0,011;-0,01;2;-0,264;2
"E09000004";"Bexley";2025;-0,492;-0,193;0,183;0,445;0,808;0,056;1,709;-0,309;0,495;-0,027;2;-0,264;2
"E09000005";"Brent";2025;0,183;0,035;0,037;-0,181;0,162;-0,97;-0,107;0,07;-0,107;-0,141;2;-0,264;2
"E09000006";"Bromley";2025;-0,48;-0,016;-0,047;0,183;0,879;1,302;-0,074;-0,579;0,153;-0,196;2;-0,264;2
"E09000007";"Camden";2025;0,284;0,827;-0,347;-0,386;-2,733;-0,677;-1,315;0,242;-0,51;0,142;1;0,504;2
"E09000008";"Croydon";2025;0,015;-1,672;0,371;-0,065;0,964;0,294;0,892;-0,416;0,076;-0,05;2;-0,264;2
"E09000009";"Ealing";2025;0,188;0,027;-0,116;0,495;-0,087;-0,518;-0,594;-0,111;0,005;-0,019;2;-0,264;2
"E09000010";"Enfield";2025;-0,019;-0,424;-0,129;0,405;0,986;0,017;3,691;-0,08;0,155;-0,186;2;-0,264;2
"E09000011";"Greenwich";2025;0,007;-0,101;-0,011;0,363;0,862;-0,107;1,807;0,204;0,245;0,135;2;-0,264;2
"E09000012";"Hackney";2025;0,304;1,452;-0,258;0,855;-1,204;-1,566;0,171;0,782;-0,091;0,01;2;-0,264;2
"E09000013";"Hammersmith and Fulham";2025;0,162;0,44;-0,293;-0,32;-1,554;-0,902;-1,534;-0,421;-0,463;0,183;1;0,504;2
"E09000014";"Haringey";2025;0,411;1,426;-0,181;-0,751;-1,224;-0,003;0,035;0,021;-0,176;0,065;1;0,504;2
"E09000015";"Harrow";2025;-0,252;-1,52;-0,009;-0,12;0,51;-0,944;0,427;-0,053;0,078;0,044;2;-0,264;2
"E09000016";"Havering";2025;-0,983;-0,139;-0,139;0,85;1,018;-0,741;0,667;-0,367;0,336;-0,112;2;-0,264;2
"E09000017";"Hillingdon";2025;-0,185;-2,02;0,092;0,27;0,193;-0,245;-0,785;0,143;0,081;-0,061;2;-0,264;2
"E09000018";"Hounslow";2025;0,058;-0,434;-0,04;-0,037;0,566;-0,229;-0,721;0,074;0,094;0,057;2;-0,264;2
"E09000019";"Islington";2025;-0,281;0,811;-0,432;-0,214;-1,93;0,181;-1,631;0,325;-0,26;0,237;1;0,504;2
"E09000020";"Kensington and Chelsea";2025;0,384;0,827;-0,967;-0,594;-1,136;0,158;-1,095;-0,654;-0,621;0,304;1;0,504;2
"E09000021";"Kingston upon Thames";2025;-0,01;-0,741;-0,307;-0,245;0,463;0,939;0,172;0,074;0,037;-0,005;2;-0,264;2
"E09000022";"Lambeth";2025;0,246;1,339;0,056;0,2;-0,426;-0,069;-1,554;-0,106;-0,258;0,188;1;0,504;2
"E09000023";"Lewisham";2025;-0,009;0,348;-0,21;0,116;-1,126;-0,285;1,005;-0,06;0,059;0,073;2;-0,264;2
"E09000024";"Merton";2025;-0,06;0,566;-0,695;0,247;0,39;0,225;-0,216;-0,116;0,054;0,028;2;-0,264;2
"E09000025";"Newham";2025;0,561;-1,004;0,519;0,908;0,18;-1,167;0,291;0,79;0,263;-0,541;2;-0,264;2
"E09000026";"Redbridge";2025;-0,119;-2,555;-0,446;-0,125;0,14;-1,668;0,832;0,24;0,278;-0,236;2;-0,264;2
"E09000027";"Richmond upon Thames";2025;0,128;0,636;-0,696;-0,446;-0,849;1,465;-1,531;-0,51;-0,051;0,156;1;0,504;2
"E09000028";"Southwark";2025;0,263;1,051;-0,068;-1,14;-0,632;1,006;-0,871;0,142;-0,555;0,125;1;0,504;2
"E09000029";"Sutton";2025;-0,301;-0,207;-0,424;0,085;1,391;0,41;2,05;-0,427;0,239;-0,07;2;-0,264;2
"E09000030";"Tower Hamlets";2025;0,605;1,009;0,06;-0,832;-0,399;-0,467;0,603;0,22;-0,259;0,239;1;0,504;2
"E09000031";"Waltham Forest";2025;0,058;0,134;0,409;0,755;0,744;-0,73;-0,735;0,179;0,344;-0,124;2;-0,264;2
"E09000032";"Wandsworth";2025;-0,067;0,729;0,099;-0,589;-1,246;1,564;-0,722;-0,459;-0,364;0,062;1;0,504;2
"E09000033";"Westminster";2025;0,278;0,593;-0,599;-0,323;-3,901;0,144;0,005;-0,329;-0,432;0,053;1;0,504;2
"E09000002";"Barking and Dagenham";2025;-0,465;-2,655;-0,126;0,649;0,271;-1,255;0,967;0,506;0,409;-0,362;3;-1,075;3
"E09000003";"Barnet";2025;0,012;-0,114;0,066;-0,662;-0,18;0,016;-0,099;0,208;0,011;-0,01;2;-0,073;3
"E09000004";"Bexley";2025;-0,492;-0,193;0,183;0,445;0,808;0,056;1,709;-0,309;0,495;-0,027;2;-0,073;3
"E09000005";"Brent";2025;0,183;0,035;0,037;-0,181;0,162;-0,97;-0,107;0,07;-0,107;-0,141;2;-0,073;3
"E09000006";"Bromley";2025;-0,48;-0,016;-0,047;0,183;0,879;1,302;-0,074;-0,579;0,153;-0,196;2;-0,073;3
"E09000007";"Camden";2025;0,284;0,827;-0,347;-0,386;-2,733;-0,677;-1,315;0,242;-0,51;0,142;1;0,504;3
"E09000008";"Croydon";2025;0,015;-1,672;0,371;-0,065;0,964;0,294;0,892;-0,416;0,076;-0,05;2;-0,073;3
"E09000009";"Ealing";2025;0,188;0,027;-0,116;0,495;-0,087;-0,518;-0,594;-0,111;0,005;-0,019;2;-0,073;3
"E09000010";"Enfield";2025;-0,019;-0,424;-0,129;0,405;0,986;0,017;3,691;-0,08;0,155;-0,186;2;-0,073;3
"E09000011";"Greenwich";2025;0,007;-0,101;-0,011;0,363;0,862;-0,107;1,807;0,204;0,245;0,135;2;-0,073;3
"E09000012";"Hackney";2025;0,304;1,452;-0,258;0,855;-1,204;-1,566;0,171;0,782;-0,091;0,01;3;-1,075;3
"E09000013";"Hammersmith and Fulham";2025;0,162;0,44;-0,293;-0,32;-1,554;-0,902;-1,534;-0,421;-0,463;0,183;1;0,504;3
"E09000014";"Haringey";2025;0,411;1,426;-0,181;-0,751;-1,224;-0,003;0,035;0,021;-0,176;0,065;1;0,504;3
"E09000015";"Harrow";2025;-0,252;-1,52;-0,009;-0,12;0,51;-0,944;0,427;-0,053;0,078;0,044;2;-0,073;3
"E09000016";"Havering";2025;-0,983;-0,139;-0,139;0,85;1,018;-0,741;0,667;-0,367;0,336;-0,112;2;-0,073;3
"E09000017";"Hillingdon";2025;-0,185;-2,02;0,092;0,27;0,193;-0,245;-0,785;0,143;0,081;-0,061;2;-0,073;3
"E09000018";"Hounslow";2025;0,058;-0,434;-0,04;-0,037;0,566;-0,229;-0,721;0,074;0,094;0,057;2;-0,073;3
"E09000019";"Islington";2025;-0,281;0,811;-0,432;-0,214;-1,93;0,181;-1,631;0,325;-0,26;0,237;1;0,504;3
"E09000020";"Kensington and Chelsea";2025;0,384;0,827;-0,967;-0,594;-1,136;0,158;-1,095;-0,654;-0,621;0,304;1;0,504;3
"E09000021";"Kingston upon Thames";2025;-0,01;-0,741;-0,307;-0,245;0,463;0,939;0,172;0,074;0,037;-0,005;2;-0,073;3
"E09000022";"Lambeth";2025;0,246;1,339;0,056;0,2;-0,426;-0,069;-1,554;-0,106;-0,258;0,188;1;0,504;3
"E09000023";"Lewisham";2025;-0,009;0,348;-0,21;0,116;-1,126;-0,285;1,005;-0,06;0,059;0,073;2;-0,073;3
"E09000024";"Merton";2025;-0,06;0,566;-0,695;0,247;0,39;0,225;-0,216;-0,116;0,054;0,028;2;-0,073;3
"E09000025";"Newham";2025;0,561;-1,004;0,519;0,908;0,18;-1,167;0,291;0,79;0,263;-0,541;3;-1,075;3
"E09000026";"Redbridge";2025;-0,119;-2,555;-0,446;-0,125;0,14;-1,668;0,832;0,24;0,278;-0,236;3;-1,075;3
"E09000027";"Richmond upon Thames";2025;0,128;0,636;-0,696;-0,446;-0,849;1,465;-1,531;-0,51;-0,051;0,156;1;0,504;3
"E09000028";"Southwark";2025;0,263;1,051;-0,068;-1,14;-0,632;1,006;-0,871;0,142;-0,555;0,125;1;0,504;3
"E09000029";"Sutton";2025;-0,301;-0,207;-0,424;0,085;1,391;0,41;2,05;-0,427;0,239;-0,07;2;-0,073;3
"E09000030";"Tower Hamlets";2025;0,605;1,009;0,06;-0,832;-0,399;-0,467;0,603;0,22;-0,259;0,239;1;0,504;3
"E09000031";"Waltham Forest";2025;0,058;0,134;0,409;0,755;0,744;-0,73;-0,735;0,179;0,344;-0,124;2;-0,073;3
"E09000032";"Wandsworth";2025;-0,067;0,729;0,099;-0,589;-1,246;1,564;-0,722;-0,459;-0,364;0,062;1;0,504;3
"E09000033";"Westminster";2025;0,278;0,593;-0,599;-0,323;-3,901;0,144;0,005;-0,329;-0,432;0,053;1;0,504;3
"E09000002";"Barking and Dagenham";2025;-0,465;-2,655;-0,126;0,649;0,271;-1,255;0,967;0,506;0,409;-0,362;4;-1,075;4
"E09000003";"Barnet";2025;0,012;-0,114;0,066;-0,662;-0,18;0,016;-0,099;0,208;0,011;-0,01;2;0,04;4
"E09000004";"Bexley";2025;-0,492;-0,193;0,183;0,445;0,808;0,056;1,709;-0,309;0,495;-0,027;3;-0,345;4
"E09000005";"Brent";2025;0,183;0,035;0,037;-0,181;0,162;-0,97;-0,107;0,07;-0,107;-0,141;2;0,04;4
"E09000006";"Bromley";2025;-0,48;-0,016;-0,047;0,183;0,879;1,302;-0,074;-0,579;0,153;-0,196;3;-0,345;4
"E09000007";"Camden";2025;0,284;0,827;-0,347;-0,386;-2,733;-0,677;-1,315;0,242;-0,51;0,142;1;0,504;4
"E09000008";"Croydon";2025;0,015;-1,672;0,371;-0,065;0,964;0,294;0,892;-0,416;0,076;-0,05;2;0,04;4
"E09000009";"Ealing";2025;0,188;0,027;-0,116;0,495;-0,087;-0,518;-0,594;-0,111;0,005;-0,019;2;0,04;4
"E09000010";"Enfield";2025;-0,019;-0,424;-0,129;0,405;0,986;0,017;3,691;-0,08;0,155;-0,186;3;-0,345;4
"E09000011";"Greenwich";2025;0,007;-0,101;-0,011;0,363;0,862;-0,107;1,807;0,204;0,245;0,135;2;0,04;4
"E09000012";"Hackney";2025;0,304;1,452;-0,258;0,855;-1,204;-1,566;0,171;0,782;-0,091;0,01;4;-1,075;4
"E09000013";"Hammersmith and Fulham";2025;0,162;0,44;-0,293;-0,32;-1,554;-0,902;-1,534;-0,421;-0,463;0,183;1;0,504;4
"E09000014";"Haringey";2025;0,411;1,426;-0,181;-0,751;-1,224;-0,003;0,035;0,021;-0,176;0,065;1;0,504;4
"E09000015";"Harrow";2025;-0,252;-1,52;-0,009;-0,12;0,51;-0,944;0,427;-0,053;0,078;0,044;2;0,04;4
"E09000016";"Havering";2025;-0,983;-0,139;-0,139;0,85;1,018;-0,741;0,667;-0,367;0,336;-0,112;3;-0,345;4
"E09000017";"Hillingdon";2025;-0,185;-2,02;0,092;0,27;0,193;-0,245;-0,785;0,143;0,081;-0,061;2;0,04;4
"E09000018";"Hounslow";2025;0,058;-0,434;-0,04;-0,037;0,566;-0,229;-0,721;0,074;0,094;0,057;2;0,04;4
"E09000019";"Islington";2025;-0,281;0,811;-0,432;-0,214;-1,93;0,181;-1,631;0,325;-0,26;0,237;1;0,504;4
"E09000020";"Kensington and Chelsea";2025;0,384;0,827;-0,967;-0,594;-1,136;0,158;-1,095;-0,654;-0,621;0,304;1;0,504;4
"E09000021";"Kingston upon Thames";2025;-0,01;-0,741;-0,307;-0,245;0,463;0,939;0,172;0,074;0,037;-0,005;2;0,04;4
"E09000022";"Lambeth";2025;0,246;1,339;0,056;0,2;-0,426;-0,069;-1,554;-0,106;-0,258;0,188;1;0,504;4
"E09000023";"Lewisham";2025;-0,009;0,348;-0,21;0,116;-1,126;-0,285;1,005;-0,06;0,059;0,073;2;0,04;4
"E09000024";"Merton";2025;-0,06;0,566;-0,695;0,247;0,39;0,225;-0,216;-0,116;0,054;0,028;2;0,04;4
"E09000025";"Newham";2025;0,561;-1,004;0,519;0,908;0,18;-1,167;0,291;0,79;0,263;-0,541;4;-1,075;4
"E09000026";"Redbridge";2025;-0,119;-2,555;-0,446;-0,125;0,14;-1,668;0,832;0,24;0,278;-0,236;4;-1,075;4
"E09000027";"Richmond upon Thames";2025;0,128;0,636;-0,696;-0,446;-0,849;1,465;-1,531;-0,51;-0,051;0,156;1;0,504;4
"E09000028";"Southwark";2025;0,263;1,051;-0,068;-1,14;-0,632;1,006;-0,871;0,142;-0,555;0,125;1;0,504;4
"E09000029";"Sutton";2025;-0,301;-0,207;-0,424;0,085;1,391;0,41;2,05;-0,427;0,239;-0,07;3;-0,345;4
"E09000030";"Tower Hamlets";2025;0,605;1,009;0,06;-0,832;-0,399;-0,467;0,603;0,22;-0,259;0,239;1;0,504;4
"E09000031";"Waltham Forest";2025;0,058;0,134;0,409;0,755;0,744;-0,73;-0,735;0,179;0,344;-0,124;2;0,04;4
"E09000032";"Wandsworth";2025;-0,067;0,729;0,099;-0,589;-1,246;1,564;-0,722;-0,459;-0,364;0,062;1;0,504;4
"E09000033";"Westminster";2025;0,278;0,593;-0,599;-0,323;-3,901;0,144;0,005;-0,329;-0,432;0,053;1;0,504;4
"E09000002";"Barking and Dagenham";2025;-0,465;-2,655;-0,126;0,649;0,271;-1,255;0,967;0,506;0,409;-0,362;5;-3,375;5
"E09000003";"Barnet";2025;0,012;-0,114;0,066;-0,662;-0,18;0,016;-0,099;0,208;0,011;-0,01;3;0,04;5
"E09000004";"Bexley";2025;-0,492;-0,193;0,183;0,445;0,808;0,056;1,709;-0,309;0,495;-0,027;4;-0,345;5
"E09000005";"Brent";2025;0,183;0,035;0,037;-0,181;0,162;-0,97;-0,107;0,07;-0,107;-0,141;3;0,04;5
"E09000006";"Bromley";2025;-0,48;-0,016;-0,047;0,183;0,879;1,302;-0,074;-0,579;0,153;-0,196;4;-0,345;5
"E09000007";"Camden";2025;0,284;0,827;-0,347;-0,386;-2,733;-0,677;-1,315;0,242;-0,51;0,142;2;0,504;5
"E09000008";"Croydon";2025;0,015;-1,672;0,371;-0,065;0,964;0,294;0,892;-0,416;0,076;-0,05;3;0,04;5
"E09000009";"Ealing";2025;0,188;0,027;-0,116;0,495;-0,087;-0,518;-0,594;-0,111;0,005;-0,019;3;0,04;5
"E09000010";"Enfield";2025;-0,019;-0,424;-0,129;0,405;0,986;0,017;3,691;-0,08;0,155;-0,186;4;-0,345;5
"E09000011";"Greenwich";2025;0,007;-0,101;-0,011;0,363;0,862;-0,107;1,807;0,204;0,245;0,135;3;0,04;5
"E09000012";"Hackney";2025;0,304;1,452;-0,258;0,855;-1,204;-1,566;0,171;0,782;-0,091;0,01;1;1,226;5
"E09000013";"Hammersmith and Fulham";2025;0,162;0,44;-0,293;-0,32;-1,554;-0,902;-1,534;-0,421;-0,463;0,183;2;0,504;5
"E09000014";"Haringey";2025;0,411;1,426;-0,181;-0,751;-1,224;-0,003;0,035;0,021;-0,176;0,065;2;0,504;5
"E09000015";"Harrow";2025;-0,252;-1,52;-0,009;-0,12;0,51;-0,944;0,427;-0,053;0,078;0,044;3;0,04;5
"E09000016";"Havering";2025;-0,983;-0,139;-0,139;0,85;1,018;-0,741;0,667;-0,367;0,336;-0,112;4;-0,345;5
"E09000017";"Hillingdon";2025;-0,185;-2,02;0,092;0,27;0,193;-0,245;-0,785;0,143;0,081;-0,061;3;0,04;5
"E09000018";"Hounslow";2025;0,058;-0,434;-0,04;-0,037;0,566;-0,229;-0,721;0,074;0,094;0,057;3;0,04;5
"E09000019";"Islington";2025;-0,281;0,811;-0,432;-0,214;-1,93;0,181;-1,631;0,325;-0,26;0,237;2;0,504;5
"E09000020";"Kensington and Chelsea";2025;0,384;0,827;-0,967;-0,594;-1,136;0,158;-1,095;-0,654;-0,621;0,304;2;0,504;5
"E09000021";"Kingston upon Thames";2025;-0,01;-0,741;-0,307;-0,245;0,463;0,939;0,172;0,074;0,037;-0,005;3;0,04;5
"E09000022";"Lambeth";2025;0,246;1,339;0,056;0,2;-0,426;-0,069;-1,554;-0,106;-0,258;0,188;2;0,504;5
"E09000023";"Lewisham";2025;-0,009;0,348;-0,21;0,116;-1,126;-0,285;1,005;-0,06;0,059;0,073;3;0,04;5
"E09000024";"Merton";2025;-0,06;0,566;-0,695;0,247;0,39;0,225;-0,216;-0,116;0,054;0,028;3;0,04;5
"E09000025";"Newham";2025;0,561;-1,004;0,519;0,908;0,18;-1,167;0,291;0,79;0,263;-0,541;1;1,226;5
"E09000026";"Redbridge";2025;-0,119;-2,555;-0,446;-0,125;0,14;-1,668;0,832;0,24;0,278;-0,236;5;-3,375;5
"E09000027";"Richmond upon Thames";2025;0,128;0,636;-0,696;-0,446;-0,849;1,465;-1,531;-0,51;-0,051;0,156;2;0,504;5
"E09000028";"Southwark";2025;0,263;1,051;-0,068;-1,14;-0,632;1,006;-0,871;0,142;-0,555;0,125;2;0,504;5
"E09000029";"Sutton";2025;-0,301;-0,207;-0,424;0,085;1,391;0,41;2,05;-0,427;0,239;-0,07;4;-0,345;5
"E09000030";"Tower Hamlets";2025;0,605;1,009;0,06;-0,832;-0,399;-0,467;0,603;0,22;-0,259;0,239;2;0,504;5
"E09000031";"Waltham Forest";2025;0,058;0,134;0,409;0,755;0,744;-0,73;-0,735;0,179;0,344;-0,124;3;0,04;5
"E09000032";"Wandsworth";2025;-0,067;0,729;0,099;-0,589;-1,246;1,564;-0,722;-0,459;-0,364;0,062;2;0,504;5
"E09000033";"Westminster";2025;0,278;0,593;-0,599;-0,323;-3,901;0,144;0,005;-0,329;-0,432;0,053;2;0,504;5
"E09000002";"Barking and Dagenham";2025;-0,465;-2,655;-0,126;0,649;0,271;-1,255;0,967;0,506;0,409;-0,362;6;-3,375;6
"E09000003";"Barnet";2025;0,012;-0,114;0,066;-0,662;-0,18;0,016;-0,099;0,208;0,011;-0,01;3;0,04;6
"E09000004";"Bexley";2025;-0,492;-0,193;0,183;0,445;0,808;0,056;1,709;-0,309;0,495;-0,027;4;-0,345;6
"E09000005";"Brent";2025;0,183;0,035;0,037;-0,181;0,162;-0,97;-0,107;0,07;-0,107;-0,141;3;0,04;6
"E09000006";"Bromley";2025;-0,48;-0,016;-0,047;0,183;0,879;1,302;-0,074;-0,579;0,153;-0,196;4;-0,345;6
"E09000007";"Camden";2025;0,284;0,827;-0,347;-0,386;-2,733;-0,677;-1,315;0,242;-0,51;0,142;2;1,14;6
"E09000008";"Croydon";2025;0,015;-1,672;0,371;-0,065;0,964;0,294;0,892;-0,416;0,076;-0,05;3;0,04;6
"E09000009";"Ealing";2025;0,188;0,027;-0,116;0,495;-0,087;-0,518;-0,594;-0,111;0,005;-0,019;3;0,04;6
"E09000010";"Enfield";2025;-0,019;-0,424;-0,129;0,405;0,986;0,017;3,691;-0,08;0,155;-0,186;4;-0,345;6
"E09000011";"Greenwich";2025;0,007;-0,101;-0,011;0,363;0,862;-0,107;1,807;0,204;0,245;0,135;3;0,04;6
"E09000012";"Hackney";2025;0,304;1,452;-0,258;0,855;-1,204;-1,566;0,171;0,782;-0,091;0,01;1;1,226;6
"E09000013";"Hammersmith and Fulham";2025;0,162;0,44;-0,293;-0,32;-1,554;-0,902;-1,534;-0,421;-0,463;0,183;2;1,14;6
"E09000014";"Haringey";2025;0,411;1,426;-0,181;-0,751;-1,224;-0,003;0,035;0,021;-0,176;0,065;2;1,14;6
"E09000015";"Harrow";2025;-0,252;-1,52;-0,009;-0,12;0,51;-0,944;0,427;-0,053;0,078;0,044;3;0,04;6
"E09000016";"Havering";2025;-0,983;-0,139;-0,139;0,85;1,018;-0,741;0,667;-0,367;0,336;-0,112;4;-0,345;6
"E09000017";"Hillingdon";2025;-0,185;-2,02;0,092;0,27;0,193;-0,245;-0,785;0,143;0,081;-0,061;3;0,04;6
"E09000018";"Hounslow";2025;0,058;-0,434;-0,04;-0,037;0,566;-0,229;-0,721;0,074;0,094;0,057;3;0,04;6
"E09000019";"Islington";2025;-0,281;0,811;-0,432;-0,214;-1,93;0,181;-1,631;0,325;-0,26;0,237;2;1,14;6
"E09000020";"Kensington and Chelsea";2025;0,384;0,827;-0,967;-0,594;-1,136;0,158;-1,095;-0,654;-0,621;0,304;5;-1,19;6
"E09000021";"Kingston upon Thames";2025;-0,01;-0,741;-0,307;-0,245;0,463;0,939;0,172;0,074;0,037;-0,005;3;0,04;6
"E09000022";"Lambeth";2025;0,246;1,339;0,056;0,2;-0,426;-0,069;-1,554;-0,106;-0,258;0,188;2;1,14;6
"E09000023";"Lewisham";2025;-0,009;0,348;-0,21;0,116;-1,126;-0,285;1,005;-0,06;0,059;0,073;3;0,04;6
"E09000024";"Merton";2025;-0,06;0,566;-0,695;0,247;0,39;0,225;-0,216;-0,116;0,054;0,028;3;0,04;6
"E09000025";"Newham";2025;0,561;-1,004;0,519;0,908;0,18;-1,167;0,291;0,79;0,263;-0,541;1;1,226;6
"E09000026";"Redbridge";2025;-0,119;-2,555;-0,446;-0,125;0,14;-1,668;0,832;0,24;0,278;-0,236;6;-3,375;6
"E09000027";"Richmond upon Thames";2025;0,128;0,636;-0,696;-0,446;-0,849;1,465;-1,531;-0,51;-0,051;0,156;5;-1,19;6
"E09000028";"Southwark";2025;0,263;1,051;-0,068;-1,14;-0,632;1,006;-0,871;0,142;-0,555;0,125;2;1,14;6
"E09000029";"Sutton";2025;-0,301;-0,207;-0,424;0,085;1,391;0,41;2,05;-0,427;0,239;-0,07;4;-0,345;6
"E09000030";"Tower Hamlets";2025;0,605;1,009;0,06;-0,832;-0,399;-0,467;0,603;0,22;-0,259;0,239;2;1,14;6
"E09000031";"Waltham Forest";2025;0,058;0,134;0,409;0,755;0,744;-0,73;-0,735;0,179;0,344;-0,124;3;0,04;6
"E09000032";"Wandsworth";2025;-0,067;0,729;0,099;-0,589;-1,246;1,564;-0,722;-0,459;-0,364;0,062;2;1,14;6
"E09000033";"Westminster";2025;0,278;0,593;-0,599;-0,323;-3,901;0,144;0,005;-0,329;-0,432;0,053;5;-1,19;6
"E09000002";"Barking and Dagenham";2025;-0,465;-2,655;-0,126;0,649;0,271;-1,255;0,967;0,506;0,409;-0,362;7;-3,375;7
"E09000003";"Barnet";2025;0,012;-0,114;0,066;-0,662;-0,18;0,016;-0,099;0,208;0,011;-0,01;3;0,04;7
"E09000004";"Bexley";2025;-0,492;-0,193;0,183;0,445;0,808;0,056;1,709;-0,309;0,495;-0,027;4;-0,345;7
"E09000005";"Brent";2025;0,183;0,035;0,037;-0,181;0,162;-0,97;-0,107;0,07;-0,107;-0,141;3;0,04;7
"E09000006";"Bromley";2025;-0,48;-0,016;-0,047;0,183;0,879;1,302;-0,074;-0,579;0,153;-0,196;4;-0,345;7
"E09000007";"Camden";2025;0,284;0,827;-0,347;-0,386;-2,733;-0,677;-1,315;0,242;-0,51;0,142;2;1,14;7
"E09000008";"Croydon";2025;0,015;-1,672;0,371;-0,065;0,964;0,294;0,892;-0,416;0,076;-0,05;3;0,04;7
"E09000009";"Ealing";2025;0,188;0,027;-0,116;0,495;-0,087;-0,518;-0,594;-0,111;0,005;-0,019;3;0,04;7
"E09000010";"Enfield";2025;-0,019;-0,424;-0,129;0,405;0,986;0,017;3,691;-0,08;0,155;-0,186;4;-0,345;7
"E09000011";"Greenwich";2025;0,007;-0,101;-0,011;0,363;0,862;-0,107;1,807;0,204;0,245;0,135;3;0,04;7
"E09000012";"Hackney";2025;0,304;1,452;-0,258;0,855;-1,204;-1,566;0,171;0,782;-0,091;0,01;1;2,822;7
"E09000013";"Hammersmith and Fulham";2025;0,162;0,44;-0,293;-0,32;-1,554;-0,902;-1,534;-0,421;-0,463;0,183;2;1,14;7
"E09000014";"Haringey";2025;0,411;1,426;-0,181;-0,751;-1,224;-0,003;0,035;0,021;-0,176;0,065;2;1,14;7
"E09000015";"Harrow";2025;-0,252;-1,52;-0,009;-0,12;0,51;-0,944;0,427;-0,053;0,078;0,044;3;0,04;7
"E09000016";"Havering";2025;-0,983;-0,139;-0,139;0,85;1,018;-0,741;0,667;-0,367;0,336;-0,112;4;-0,345;7
"E09000017";"Hillingdon";2025;-0,185;-2,02;0,092;0,27;0,193;-0,245;-0,785;0,143;0,081;-0,061;3;0,04;7
"E09000018";"Hounslow";2025;0,058;-0,434;-0,04;-0,037;0,566;-0,229;-0,721;0,074;0,094;0,057;3;0,04;7
"E09000019";"Islington";2025;-0,281;0,811;-0,432;-0,214;-1,93;0,181;-1,631;0,325;-0,26;0,237;2;1,14;7
"E09000020";"Kensington and Chelsea";2025;0,384;0,827;-0,967;-0,594;-1,136;0,158;-1,095;-0,654;-0,621;0,304;6;-1,19;7
"E09000021";"Kingston upon Thames";2025;-0,01;-0,741;-0,307;-0,245;0,463;0,939;0,172;0,074;0,037;-0,005;3;0,04;7
"E09000022";"Lambeth";2025;0,246;1,339;0,056;0,2;-0,426;-0,069;-1,554;-0,106;-0,258;0,188;2;1,14;7
"E09000023";"Lewisham";2025;-0,009;0,348;-0,21;0,116;-1,126;-0,285;1,005;-0,06;0,059;0,073;3;0,04;7
"E09000024";"Merton";2025;-0,06;0,566;-0,695;0,247;0,39;0,225;-0,216;-0,116;0,054;0,028;3;0,04;7
"E09000025";"Newham";2025;0,561;-1,004;0,519;0,908;0,18;-1,167;0,291;0,79;0,263;-0,541;5;-0,37;7
"E09000026";"Redbridge";2025;-0,119;-2,555;-0,446;-0,125;0,14;-1,668;0,832;0,24;0,278;-0,236;7;-3,375;7
"E09000027";"Richmond upon Thames";2025;0,128;0,636;-0,696;-0,446;-0,849;1,465;-1,531;-0,51;-0,051;0,156;6;-1,19;7
"E09000028";"Southwark";2025;0,263;1,051;-0,068;-1,14;-0,632;1,006;-0,871;0,142;-0,555;0,125;2;1,14;7
"E09000029";"Sutton";2025;-0,301;-0,207;-0,424;0,085;1,391;0,41;2,05;-0,427;0,239;-0,07;4;-0,345;7
"E09000030";"Tower Hamlets";2025;0,605;1,009;0,06;-0,832;-0,399;-0,467;0,603;0,22;-0,259;0,239;2;1,14;7
"E09000031";"Waltham Forest";2025;0,058;0,134;0,409;0,755;0,744;-0,73;-0,735;0,179;0,344;-0,124;3;0,04;7
"E09000032";"Wandsworth";2025;-0,067;0,729;0,099;-0,589;-1,246;1,564;-0,722;-0,459;-0,364;0,062;2;1,14;7
"E09000033";"Westminster";2025;0,278;0,593;-0,599;-0,323;-3,901;0,144;0,005;-0,329;-0,432;0,053;6;-1,19;7
"E09000002";"Barking and Dagenham";2025;-0,465;-2,655;-0,126;0,649;0,271;-1,255;0,967;0,506;0,409;-0,362;8;-3,375;8
"E09000003";"Barnet";2025;0,012;-0,114;0,066;-0,662;-0,18;0,016;-0,099;0,208;0,011;-0,01;4;0,04;8
"E09000004";"Bexley";2025;-0,492;-0,193;0,183;0,445;0,808;0,056;1,709;-0,309;0,495;-0,027;5;-0,345;8
"E09000005";"Brent";2025;0,183;0,035;0,037;-0,181;0,162;-0,97;-0,107;0,07;-0,107;-0,141;4;0,04;8
"E09000006";"Bromley";2025;-0,48;-0,016;-0,047;0,183;0,879;1,302;-0,074;-0,579;0,153;-0,196;5;-0,345;8
"E09000007";"Camden";2025;0,284;0,827;-0,347;-0,386;-2,733;-0,677;-1,315;0,242;-0,51;0,142;2;2,087;8
"E09000008";"Croydon";2025;0,015;-1,672;0,371;-0,065;0,964;0,294;0,892;-0,416;0,076;-0,05;4;0,04;8
"E09000009";"Ealing";2025;0,188;0,027;-0,116;0,495;-0,087;-0,518;-0,594;-0,111;0,005;-0,019;4;0,04;8
"E09000010";"Enfield";2025;-0,019;-0,424;-0,129;0,405;0,986;0,017;3,691;-0,08;0,155;-0,186;5;-0,345;8
"E09000011";"Greenwich";2025;0,007;-0,101;-0,011;0,363;0,862;-0,107;1,807;0,204;0,245;0,135;4;0,04;8
"E09000012";"Hackney";2025;0,304;1,452;-0,258;0,855;-1,204;-1,566;0,171;0,782;-0,091;0,01;1;2,822;8
"E09000013";"Hammersmith and Fulham";2025;0,162;0,44;-0,293;-0,32;-1,554;-0,902;-1,534;-0,421;-0,463;0,183;2;2,087;8
"E09000014";"Haringey";2025;0,411;1,426;-0,181;-0,751;-1,224;-0,003;0,035;0,021;-0,176;0,065;3;0,192;8
"E09000015";"Harrow";2025;-0,252;-1,52;-0,009;-0,12;0,51;-0,944;0,427;-0,053;0,078;0,044;4;0,04;8
"E09000016";"Havering";2025;-0,983;-0,139;-0,139;0,85;1,018;-0,741;0,667;-0,367;0,336;-0,112;5;-0,345;8
"E09000017";"Hillingdon";2025;-0,185;-2,02;0,092;0,27;0,193;-0,245;-0,785;0,143;0,081;-0,061;4;0,04;8
"E09000018";"Hounslow";2025;0,058;-0,434;-0,04;-0,037;0,566;-0,229;-0,721;0,074;0,094;0,057;4;0,04;8
"E09000019";"Islington";2025;-0,281;0,811;-0,432;-0,214;-1,93;0,181;-1,631;0,325;-0,26;0,237;2;2,087;8
"E09000020";"Kensington and Chelsea";2025;0,384;0,827;-0,967;-0,594;-1,136;0,158;-1,095;-0,654;-0,621;0,304;7;-1,19;8
"E09000021";"Kingston upon Thames";2025;-0,01;-0,741;-0,307;-0,245;0,463;0,939;0,172;0,074;0,037;-0,005;4;0,04;8
"E09000022";"Lambeth";2025;0,246;1,339;0,056;0,2;-0,426;-0,069;-1,554;-0,106;-0,258;0,188;2;2,087;8
"E09000023";"Lewisham";2025;-0,009;0,348;-0,21;0,116;-1,126;-0,285;1,005;-0,06;0,059;0,073;4;0,04;8
"E09000024";"Merton";2025;-0,06;0,566;-0,695;0,247;0,39;0,225;-0,216;-0,116;0,054;0,028;4;0,04;8
"E09000025";"Newham";2025;0,561;-1,004;0,519;0,908;0,18;-1,167;0,291;0,79;0,263;-0,541;6;-0,37;8
"E09000026";"Redbridge";2025;-0,119;-2,555;-0,446;-0,125;0,14;-1,668;0,832;0,24;0,278;-0,236;8;-3,375;8
"E09000027";"Richmond upon Thames";2025;0,128;0,636;-0,696;-0,446;-0,849;1,465;-1,531;-0,51;-0,051;0,156;7;-1,19;8
"E09000028";"Southwark";2025;0,263;1,051;-0,068;-1,14;-0,632;1,006;-0,871;0,142;-0,555;0,125;3;0,192;8
"E09000029";"Sutton";2025;-0,301;-0,207;-0,424;0,085;1,391;0,41;2,05;-0,427;0,239;-0,07;5;-0,345;8
"E09000030";"Tower Hamlets";2025;0,605;1,009;0,06;-0,832;-0,399;-0,467;0,603;0,22;-0,259;0,239;3;0,192;8
"E09000031";"Waltham Forest";2025;0,058;0,134;0,409;0,755;0,744;-0,73;-0,735;0,179;0,344;-0,124;4;0,04;8
"E09000032";"Wandsworth";2025;-0,067;0,729;0,099;-0,589;-1,246;1,564;-0,722;-0,459;-0,364;0,062;3;0,192;8
"E09000033";"Westminster";2025;0,278;0,593;-0,599;-0,323;-3,901;0,144;0,005;-0,329;-0,432;0,053;7;-1,19;8
"E09000002";"Barking and Dagenham";2025;-0,465;-2,655;-0,126;0,649;0,271;-1,255;0,967;0,506;0,409;-0,362;9;-3,375;9
"E09000003";"Barnet";2025;0,012;-0,114;0,066;-0,662;-0,18;0,016;-0,099;0,208;0,011;-0,01;5;-0,106;9
"E09000004";"Bexley";2025;-0,492;-0,193;0,183;0,445;0,808;0,056;1,709;-0,309;0,495;-0,027;6;-0,345;9
"E09000005";"Brent";2025;0,183;0,035;0,037;-0,181;0,162;-0,97;-0,107;0,07;-0,107;-0,141;5;-0,106;9
"E09000006";"Bromley";2025;-0,48;-0,016;-0,047;0,183;0,879;1,302;-0,074;-0,579;0,153;-0,196;6;-0,345;9
"E09000007";"Camden";2025;0,284;0,827;-0,347;-0,386;-2,733;-0,677;-1,315;0,242;-0,51;0,142;2;2,087;9
"E09000008";"Croydon";2025;0,015;-1,672;0,371;-0,065;0,964;0,294;0,892;-0,416;0,076;-0,05;5;-0,106;9
"E09000009";"Ealing";2025;0,188;0,027;-0,116;0,495;-0,087;-0,518;-0,594;-0,111;0,005;-0,019;5;-0,106;9
"E09000010";"Enfield";2025;-0,019;-0,424;-0,129;0,405;0,986;0,017;3,691;-0,08;0,155;-0,186;6;-0,345;9
"E09000011";"Greenwich";2025;0,007;-0,101;-0,011;0,363;0,862;-0,107;1,807;0,204;0,245;0,135;3;0,331;9
"E09000012";"Hackney";2025;0,304;1,452;-0,258;0,855;-1,204;-1,566;0,171;0,782;-0,091;0,01;1;2,822;9
"E09000013";"Hammersmith and Fulham";2025;0,162;0,44;-0,293;-0,32;-1,554;-0,902;-1,534;-0,421;-0,463;0,183;2;2,087;9
"E09000014";"Haringey";2025;0,411;1,426;-0,181;-0,751;-1,224;-0,003;0,035;0,021;-0,176;0,065;4;0,192;9
"E09000015";"Harrow";2025;-0,252;-1,52;-0,009;-0,12;0,51;-0,944;0,427;-0,053;0,078;0,044;5;-0,106;9
"E09000016";"Havering";2025;-0,983;-0,139;-0,139;0,85;1,018;-0,741;0,667;-0,367;0,336;-0,112;6;-0,345;9
"E09000017";"Hillingdon";2025;-0,185;-2,02;0,092;0,27;0,193;-0,245;-0,785;0,143;0,081;-0,061;5;-0,106;9
"E09000018";"Hounslow";2025;0,058;-0,434;-0,04;-0,037;0,566;-0,229;-0,721;0,074;0,094;0,057;5;-0,106;9
"E09000019";"Islington";2025;-0,281;0,811;-0,432;-0,214;-1,93;0,181;-1,631;0,325;-0,26;0,237;2;2,087;9
"E09000020";"Kensington and Chelsea";2025;0,384;0,827;-0,967;-0,594;-1,136;0,158;-1,095;-0,654;-0,621;0,304;8;-1,19;9
"E09000021";"Kingston upon Thames";2025;-0,01;-0,741;-0,307;-0,245;0,463;0,939;0,172;0,074;0,037;-0,005;3;0,331;9
"E09000022";"Lambeth";2025;0,246;1,339;0,056;0,2;-0,426;-0,069;-1,554;-0,106;-0,258;0,188;2;2,087;9
"E09000023";"Lewisham";2025;-0,009;0,348;-0,21;0,116;-1,126;-0,285;1,005;-0,06;0,059;0,073;3;0,331;9
"E09000024";"Merton";2025;-0,06;0,566;-0,695;0,247;0,39;0,225;-0,216;-0,116;0,054;0,028;3;0,331;9
"E09000025";"Newham";2025;0,561;-1,004;0,519;0,908;0,18;-1,167;0,291;0,79;0,263;-0,541;7;-0,37;9
"E09000026";"Redbridge";2025;-0,119;-2,555;-0,446;-0,125;0,14;-1,668;0,832;0,24;0,278;-0,236;9;-3,375;9
"E09000027";"Richmond upon Thames";2025;0,128;0,636;-0,696;-0,446;-0,849;1,465;-1,531;-0,51;-0,051;0,156;8;-1,19;9
"E09000028";"Southwark";2025;0,263;1,051;-0,068;-1,14;-0,632;1,006;-0,871;0,142;-0,555;0,125;4;0,192;9
"E09000029";"Sutton";2025;-0,301;-0,207;-0,424;0,085;1,391;0,41;2,05;-0,427;0,239;-0,07;6;-0,345;9
"E09000030";"Tower Hamlets";2025;0,605;1,009;0,06;-0,832;-0,399;-0,467;0,603;0,22;-0,259;0,239;4;0,192;9
"E09000031";"Waltham Forest";2025;0,058;0,134;0,409;0,755;0,744;-0,73;-0,735;0,179;0,344;-0,124;5;-0,106;9
"E09000032";"Wandsworth";2025;-0,067;0,729;0,099;-0,589;-1,246;1,564;-0,722;-0,459;-0,364;0,062;4;0,192;9
"E09000033";"Westminster";2025;0,278;0,593;-0,599;-0,323;-3,901;0,144;0,005;-0,329;-0,432;0,053;8;-1,19;9
"E09000002";"Barking and Dagenham";2025;-0,465;-2,655;-0,126;0,649;0,271;-1,255;0,967;0,506;0,409;-0,362;10;-3,375;10
"E09000003";"Barnet";2025;0,012;-0,114;0,066;-0,662;-0,18;0,016;-0,099;0,208;0,011;-0,01;6;-0,106;10
"E09000004";"Bexley";2025;-0,492;-0,193;0,183;0,445;0,808;0,056;1,709;-0,309;0,495;-0,027;3;1,67;10
"E09000005";"Brent";2025;0,183;0,035;0,037;-0,181;0,162;-0,97;-0,107;0,07;-0,107;-0,141;6;-0,106;10
"E09000006";"Bromley";2025;-0,48;-0,016;-0,047;0,183;0,879;1,302;-0,074;-0,579;0,153;-0,196;3;1,67;10
"E09000007";"Camden";2025;0,284;0,827;-0,347;-0,386;-2,733;-0,677;-1,315;0,242;-0,51;0,142;2;2,087;10
"E09000008";"Croydon";2025;0,015;-1,672;0,371;-0,065;0,964;0,294;0,892;-0,416;0,076;-0,05;6;-0,106;10
"E09000009";"Ealing";2025;0,188;0,027;-0,116;0,495;-0,087;-0,518;-0,594;-0,111;0,005;-0,019;6;-0,106;10
"E09000010";"Enfield";2025;-0,019;-0,424;-0,129;0,405;0,986;0,017;3,691;-0,08;0,155;-0,186;9;-3,367;10
"E09000011";"Greenwich";2025;0,007;-0,101;-0,011;0,363;0,862;-0,107;1,807;0,204;0,245;0,135;4;0,331;10
"E09000012";"Hackney";2025;0,304;1,452;-0,258;0,855;-1,204;-1,566;0,171;0,782;-0,091;0,01;1;2,822;10
"E09000013";"Hammersmith and Fulham";2025;0,162;0,44;-0,293;-0,32;-1,554;-0,902;-1,534;-0,421;-0,463;0,183;2;2,087;10
"E09000014";"Haringey";2025;0,411;1,426;-0,181;-0,751;-1,224;-0,003;0,035;0,021;-0,176;0,065;5;0,192;10
"E09000015";"Harrow";2025;-0,252;-1,52;-0,009;-0,12;0,51;-0,944;0,427;-0,053;0,078;0,044;6;-0,106;10
"E09000016";"Havering";2025;-0,983;-0,139;-0,139;0,85;1,018;-0,741;0,667;-0,367;0,336;-0,112;3;1,67;10
"E09000017";"Hillingdon";2025;-0,185;-2,02;0,092;0,27;0,193;-0,245;-0,785;0,143;0,081;-0,061;6;-0,106;10
"E09000018";"Hounslow";2025;0,058;-0,434;-0,04;-0,037;0,566;-0,229;-0,721;0,074;0,094;0,057;6;-0,106;10
"E09000019";"Islington";2025;-0,281;0,811;-0,432;-0,214;-1,93;0,181;-1,631;0,325;-0,26;0,237;2;2,087;10
"E09000020";"Kensington and Chelsea";2025;0,384;0,827;-0,967;-0,594;-1,136;0,158;-1,095;-0,654;-0,621;0,304;8;-1,19;10
"E09000021";"Kingston upon Thames";2025;-0,01;-0,741;-0,307;-0,245;0,463;0,939;0,172;0,074;0,037;-0,005;4;0,331;10
"E09000022";"Lambeth";2025;0,246;1,339;0,056;0,2;-0,426;-0,069;-1,554;-0,106;-0,258;0,188;2;2,087;10
"E09000023";"Lewisham";2025;-0,009;0,348;-0,21;0,116;-1,126;-0,285;1,005;-0,06;0,059;0,073;4;0,331;10
"E09000024";"Merton";2025;-0,06;0,566;-0,695;0,247;0,39;0,225;-0,216;-0,116;0,054;0,028;4;0,331;10
"E09000025";"Newham";2025;0,561;-1,004;0,519;0,908;0,18;-1,167;0,291;0,79;0,263;-0,541;7;-0,37;10
"E09000026";"Redbridge";2025;-0,119;-2,555;-0,446;-0,125;0,14;-1,668;0,832;0,24;0,278;-0,236;10;-3,375;10
"E09000027";"Richmond upon Thames";2025;0,128;0,636;-0,696;-0,446;-0,849;1,465;-1,531;-0,51;-0,051;0,156;8;-1,19;10
"E09000028";"Southwark";2025;0,263;1,051;-0,068;-1,14;-0,632;1,006;-0,871;0,142;-0,555;0,125;5;0,192;10
"E09000029";"Sutton";2025;-0,301;-0,207;-0,424;0,085;1,391;0,41;2,05;-0,427;0,239;-0,07;9;-3,367;10
"E09000030";"Tower Hamlets";2025;0,605;1,009;0,06;-0,832;-0,399;-0,467;0,603;0,22;-0,259;0,239;5;0,192;10
"E09000031";"Waltham Forest";2025;0,058;0,134;0,409;0,755;0,744;-0,73;-0,735;0,179;0,344;-0,124;6;-0,106;10
"E09000032";"Wandsworth";2025;-0,067;0,729;0,099;-0,589;-1,246;1,564;-0,722;-0,459;-0,364;0,062;5;0,192;10
"E09000033";"Westminster";2025;0,278;0,593;-0,599;-0,323;-3,901;0,144;0,005;-0,329;-0,432;0,053;8;-1,19;10
