"CODE","BOROUGH","YEAR","VAL_01_AGE","VAL_02_RACE_WHITE","VAL_03_WEEK_EARNINGS","VAL_04_PERCENT_NVQ4","VAL_05_CAR_TRAFFIC","VAL_06_EXP_LIFE","VAL_07_CRIMES","VAL_08_SERVICES","VAR_09_HOUSE_PRICE","VAL_10_HOUSE_RENT"
"E09000002","Barking and Dagenham",2001,42.77,84.84,NA,NA,460,NA,1711.5,NA,88664.06,64.18
"E09000002","Barking and Dagenham",2002,43.65,83.11,383.3,NA,467,NA,1699.5,NA,112221.91,69.22
"E09000002","Barking and Dagenham",2003,44.01,81.53,354.9,NA,466,76.92,1845.33,750,142498.93,69.03
"E09000002","Barking and Dagenham",2004,44.45,79.79,360.1,14.1,466,77,1786.83,730,158175.98,70.32
"E09000002","Barking and Dagenham",2005,44.91,78.19,375.1,15.8,509,77.26,1838.5,760,163360.78,74.83
"E09000002","Barking and Dagenham",2006,45.43,76.64,417.6,14.8,526,77.75,1782,745,167853.34,78.46
"E09000002","Barking and Dagenham",2007,45.59,75.04,446.7,18.5,513,78.09,1628,730,184909.81,81.45
"E09000002","Barking and Dagenham",2008,46.22,74.52,449.9,20.5,490,78.15,1665.58,790,187356.87,85.34
"E09000002","Barking and Dagenham",2009,46.39,73.42,448.8,22.4,521,78.34,1653.58,775,156446.9,90.25
"E09000002","Barking and Dagenham",2010,46.53,72.49,429.3,26.5,512,78.59,1581.11,765,166560.71,95.69
"E09000002","Barking and Dagenham",2011,46.46,58.25,452.1,26.9,504,79.25,1517.58,755,163465.14,96.49
"E09000002","Barking and Dagenham",2012,46.49,56.44,450,25.9,480,79.61,1407.17,890,165863.91,101.69
"E09000002","Barking and Dagenham",2013,46.03,54.78,441.2,28.2,498,79.85,1339.58,875,173733.62,107.67
"E09000002","Barking and Dagenham",2014,45.52,53.18,422.5,29.5,513,79.72,1315.42,950,201172.23,120.92
"E09000002","Barking and Dagenham",2015,45.2,51.71,436.6,32.4,512,79.55,1397.42,750,233460.11,127.03
"E09000002","Barking and Dagenham",2016,44.72,50.33,462.2,33.2,516,79.61,1437.25,1010,273919.64,128.51
"E09000002","Barking and Dagenham",2017,44.27,49.14,461,30.7,507,79.83,1528,1030,287734.72,128.74
"E09000002","Barking and Dagenham",2018,43.88,48.05,479.1,33,504,80.11,1498.08,1055,295185.13,118.51
"E09000002","Barking and Dagenham",2019,44.16,47.06,471,33.1,507,79.97,1618,1140,298207.1,116.92
"E09000002","Barking and Dagenham",2020,43.89,46.14,486.7,44.9,416,79.14,1514.17,900,300836.13,121.89
"E09000002","Barking and Dagenham",2021,44.08,45.31,508.7,37,457,78.5,1554.75,1310,309046.08,118.71
"E09000002","Barking and Dagenham",2022,44.02,44.55,536.1,45.27,485,78.35,1607.56,1375,333405.08,119.77
"E09000002","Barking and Dagenham",2023,44.19,43.85,543.74,42.11,483,78.46,1608.48,1365,338058.75,125.53
"E09000002","Barking and Dagenham",2024,44.24,43.22,551.38,47.03,483,78.36,1609.4,1420,334158.62,129.1
"E09000002","Barking and Dagenham",2025,44.4,42.63,559.02,46.24,483,77.81,1610.32,1437,338087.22,131.44
"E09000002","Barking and Dagenham",2026,44.5,42.09,566.66,49.49,483,77.06,1611.25,1470,345170.96,133.78
"E09000002","Barking and Dagenham",2027,44.64,41.59,574.3,49.88,483,76.52,1612.17,1502,353526.29,136.13
"E09000002","Barking and Dagenham",2028,44.74,41.13,581.94,52.29,483,76.4,1613.09,1534,362394.09,138.47
"E09000002","Barking and Dagenham",2029,44.83,40.69,589.58,53.28,483,76.45,1614.01,1567,371468.44,140.82
"E09000002","Barking and Dagenham",2030,44.89,40.29,597.22,55.27,483,76.27,1614.94,1599,380626.02,143.16
"E09000002","Barking and Dagenham",2031,44.93,39.91,604.86,56.55,483,75.71,1615.86,1631,389817.16,145.5
"E09000003","Barnet",2001,43.51,73.9,NA,NA,1389,NA,2689.5,NA,185563.35,67.7
"E09000003","Barnet",2002,43.24,73.24,427.4,NA,1402,NA,2861.5,NA,220746.06,69.32
"E09000003","Barnet",2003,42.86,72.48,450.1,NA,1406,80.09,3024,2395,251212.93,70.82
"E09000003","Barnet",2004,43.22,71.89,453.3,37.3,1397,80.45,3157.25,2340,271854.11,74.55
"E09000003","Barnet",2005,44.16,71.29,442.3,39.9,1406,80.68,2905.92,2380,279459.67,79.3
"E09000003","Barnet",2006,44.6,70.68,466.1,37.2,1419,81.08,2493.33,2420,291337.8,82.68
"E09000003","Barnet",2007,45.01,70.15,460,39.7,1397,81.39,2220.42,2360,326915.5,85.84
"E09000003","Barnet",2008,45.72,71.58,502.2,40.9,1457,81.8,2197.83,2660,330023.31,90.09
"E09000003","Barnet",2009,46.14,71.38,528.1,42.3,1432,81.93,2189.42,2710,299103.01,95.1
"E09000003","Barnet",2010,46.27,70.17,501.6,47.2,1464,82.01,2081.11,2595,333128.1,101.56
"E09000003","Barnet",2011,46.39,64.14,498.3,50.4,1393,82.32,2149.83,2570,338978.01,103.17
"E09000003","Barnet",2012,46.8,63.48,503.1,49.5,1412,82.81,2100.92,2705,358627.35,109.79
"E09000003","Barnet",2013,46.64,62.9,517.5,50.4,1413,83.25,1912.17,2765,374770.61,117.53
"E09000003","Barnet",2014,46.27,62.31,479.1,43.7,1416,83.44,1906.25,2850,430363.35,123.29
"E09000003","Barnet",2015,45.95,61.76,491,49.1,1405,83.36,2036.83,2335,478687.95,127.16
"E09000003","Barnet",2016,45.83,61.25,485.6,55.9,1370,83.44,2100.25,2930,525939.58,132.13
"E09000003","Barnet",2017,45.14,60.81,522.6,53.8,1402,83.58,2184.92,2995,538281.02,130.39
"E09000003","Barnet",2018,44.56,60.4,536.6,51.5,1396,83.84,2300.25,3165,533216.09,127.68
"E09000003","Barnet",2019,44.15,60.03,536.4,53.2,1421,84.07,2582.67,3400,521293.33,127.97
"E09000003","Barnet",2020,43.94,59.67,538.8,61.7,1108,83.36,2228.17,3170,525757.27,125.98
"E09000003","Barnet",2021,43.9,59.34,574.9,56.1,1246,83.04,2234.5,4580,555740.17,128.78
"E09000003","Barnet",2022,43.99,59.04,624,56.1,1271,82.89,2279.22,4655,595490.25,130.58
"E09000003","Barnet",2023,44.17,58.75,633.83,56.1,1292,82.74,2259.69,4030,587381.25,136.32
"E09000003","Barnet",2024,44.39,58.48,643.66,56.1,1329,82.59,2240.15,3790,581896.25,140.72
"E09000003","Barnet",2025,44.61,58.23,653.49,56.1,1348,82.44,2220.61,3790,598796.38,144.47
"E09000003","Barnet",2026,44.81,57.99,663.32,56.1,1358,82.29,2201.08,3790,615696.51,147.9
"E09000003","Barnet",2027,44.96,57.77,673.15,56.1,1363,82.14,2181.54,3790,632596.63,151.17
"E09000003","Barnet",2028,45.07,57.55,682.98,56.1,1366,81.99,2162,3790,649496.76,154.37
"E09000003","Barnet",2029,45.13,57.35,692.81,56.1,1367,81.84,2142.47,3790,666396.89,157.54
"E09000003","Barnet",2030,45.15,57.16,702.64,56.1,1368,81.69,2122.93,3790,683297.02,160.68
"E09000003","Barnet",2031,45.13,56.98,712.47,56.1,1368,81.54,2103.39,3790,700197.15,163.82
"E09000004","Bexley",2001,44.07,91.18,NA,NA,817,NA,1766.67,NA,116527.13,63.58
"E09000004","Bexley",2002,44.08,90.36,405,NA,816,NA,1646,NA,136797.96,66.25
"E09000004","Bexley",2003,43.74,89.65,431.9,NA,821,79.15,1695.33,1155,164482.04,67.74
"E09000004","Bexley",2004,43.63,88.89,438.1,15.8,853,79.57,1571.58,1160,179141.17,66.67
"E09000004","Bexley",2005,43.3,88.01,452.4,18.8,858,80.07,1667.58,1155,186512.19,72.22
"E09000004","Bexley",2006,43.27,87.31,443.4,22.4,832,80.44,1416.42,1130,191831.06,75.51
"E09000004","Bexley",2007,44.23,86.58,469.8,21.7,824,80.6,1400.92,1145,208085.87,78.57
"E09000004","Bexley",2008,44.99,85.86,483.9,24.9,823,80.72,1347.58,1230,210199.18,82.31
"E09000004","Bexley",2009,45.27,85.18,486.3,27.7,832,81,1287.58,1250,189050.81,85.91
"E09000004","Bexley",2010,45.6,84.46,518.1,25.8,809,81.44,1142.44,1255,200874.15,90.42
"E09000004","Bexley",2011,46.05,81.88,505.1,27.2,795,81.81,1009.5,1205,200672.26,90.6
"E09000004","Bexley",2012,46.41,81.12,509.1,28.2,788,82.09,1017.08,1250,202546.43,96.58
"E09000004","Bexley",2013,46.23,80.38,497.9,30.5,772,82.09,981,1255,213470.26,100.56
"E09000004","Bexley",2014,46.48,79.63,512.6,33.2,786,82.21,1000.67,1315,244459.44,106.35
"E09000004","Bexley",2015,46.54,78.93,491.1,33.6,791,82,1020.92,955,274209.28,111.21
"E09000004","Bexley",2016,46.03,78.25,487,36.6,803,82.04,1098.83,1360,321563.51,112.89
"E09000004","Bexley",2017,45.67,77.65,513,37.1,805,81.93,1212.17,1350,335694.47,112.67
"E09000004","Bexley",2018,45.56,77.08,512.7,42,797,81.92,1256.5,1375,342672.76,110.75
"E09000004","Bexley",2019,45.35,76.55,553.4,35.5,814,81.93,1486.08,1395,336872.5,109.12
"E09000004","Bexley",2020,44.86,76.06,566.5,37.6,666,81.67,1272.33,1010,343326.45,108.73
"E09000004","Bexley",2021,44.62,75.6,586.6,42.3,749,81.5,1229.42,1470,369472.17,112.22
"E09000004","Bexley",2022,44.62,75.17,641.5,43.86,773,81.44,1312.44,1530,400692.33,113.32
"E09000004","Bexley",2023,44.62,74.76,653.33,45.42,778,81.38,1320.81,1495,399712.33,118.31
"E09000004","Bexley",2024,44.62,74.38,665.15,46.98,781,81.32,1329.17,1490,401062.75,120.9
"E09000004","Bexley",2025,44.62,74.03,676.98,48.54,782,81.26,1337.54,1415,411232.98,123.5
"E09000004","Bexley",2026,44.62,73.69,688.8,50.09,783,81.2,1345.9,1415,422700.56,126.09
"E09000004","Bexley",2027,44.62,73.38,700.63,51.65,784,81.14,1354.27,1415,434168.15,128.68
"E09000004","Bexley",2028,44.62,73.08,712.45,53.21,784,81.08,1362.63,1415,445635.74,131.27
"E09000004","Bexley",2029,44.62,72.79,724.28,54.77,785,81.02,1371,1415,457103.32,133.87
"E09000004","Bexley",2030,44.62,72.51,736.1,56.33,785,80.96,1379.36,1415,468570.91,136.46
"E09000004","Bexley",2031,44.62,72.25,747.93,57.89,785,80.9,1387.72,1415,480038.5,139.05
"E09000005","Brent",2001,45.49,45.49,NA,NA,835,NA,2773,NA,157287.4,62.39
"E09000005","Brent",2002,44.46,45.73,368.4,NA,859,NA,2794.75,NA,185898.15,65.61
"E09000005","Brent",2003,43.72,45.69,359.8,NA,853,78.79,2986.42,1745,216501.76,68.34
"E09000005","Brent",2004,43.58,45.81,395.5,24.5,865,79.29,2965.17,1710,236023.44,71.77
"E09000005","Brent",2005,43.25,46,394.7,27.9,865,79.9,2928.33,1760,241690.07,77.22
"E09000005","Brent",2006,43.17,46.19,398.7,27.8,851,80.47,2539.5,1740,253253.44,79.14
"E09000005","Brent",2007,43.24,46.2,421.6,27.2,837,80.75,2343.83,1745,286995.35,83.61
"E09000005","Brent",2008,43.17,50.92,437,27.2,800,80.93,2267.75,1950,292757.92,89.14
"E09000005","Brent",2009,42.58,51.68,439.1,34.7,793,81.1,2420.5,1985,264402.05,94.08
"E09000005","Brent",2010,43.48,51.68,423.1,28.4,833,81.32,2358.67,1925,289562.7,100.36
"E09000005","Brent",2011,44.38,36.28,414.9,30.2,798,81.81,2464.58,1905,298964.55,101.46
"E09000005","Brent",2012,45.14,35.95,442,39.8,794,81.89,2305.08,2045,314112.76,106.78
"E09000005","Brent",2013,45.55,35.65,441.8,43.8,774,82.07,1995.67,2025,339655.61,113.71
"E09000005","Brent",2014,46.18,35.36,441.8,45.9,791,82.19,2064.42,2150,394687.48,118.15
"E09000005","Brent",2015,46.6,35.08,457.6,45.1,770,82.3,2115.25,1960,440951.67,123.16
"E09000005","Brent",2016,46.98,34.82,467,44.9,791,82.44,2272,2350,489469.42,136.19
"E09000005","Brent",2017,46.95,34.64,471,39.6,784,82.38,2439,2390,487703.75,133.96
"E09000005","Brent",2018,46.8,34.47,479.9,40.3,784,82.6,2496.92,2515,492936.86,125.6
"E09000005","Brent",2019,46.5,34.29,524,47.7,806,82.96,2490.5,2830,474597.72,133.71
"E09000005","Brent",2020,46.36,34.12,531.8,50.3,677,82.19,2332.83,2530,487681.15,130.62
"E09000005","Brent",2021,46.27,33.95,555.7,51,746,81.64,2274.58,3135,490444.25,127.79
"E09000005","Brent",2022,46.21,33.78,562.5,51,742,81.41,2458.56,3080,521958.58,129.49
"E09000005","Brent",2023,46.17,33.63,572.2,51,753,81.1,2443.58,2950,518896,134.68
"E09000005","Brent",2024,46.14,33.48,581.91,51,748,80.79,2428.61,2975,521540.5,137.76
"E09000005","Brent",2025,46.12,33.33,591.61,51,750,80.48,2413.64,3052,537006.38,140.85
"E09000005","Brent",2026,46.11,33.2,601.32,51,749,80.17,2398.66,3101,552472.27,143.93
"E09000005","Brent",2027,46.1,33.08,611.02,51,750,79.86,2383.69,3168,567938.15,147.02
"E09000005","Brent",2028,46.1,32.96,620.73,51,750,79.56,2368.72,3226,583404.04,150.1
"E09000005","Brent",2029,46.09,32.85,630.43,51,750,79.25,2353.74,3289,598869.92,153.19
"E09000005","Brent",2030,46.09,32.75,640.14,51,750,78.94,2338.77,3349,614335.81,156.27
"E09000005","Brent",2031,46.09,32.65,649.84,51,750,78.63,2323.8,3410,629801.69,159.35
"E09000006","Bromley",2001,45.77,91.46,NA,NA,1164,NA,2386.5,NA,162131.84,65.76
"E09000006","Bromley",2002,45.36,90.83,440.1,NA,1170,NA,2523,NA,186646.04,68.74
"E09000006","Bromley",2003,44.61,90.11,449.2,NA,1175,79.84,2576.5,1865,215992.97,70.73
"E09000006","Bromley",2004,44.08,89.47,461.2,34.7,1187,80.19,2563.42,1920,234462.68,70.56
"E09000006","Bromley",2005,44.13,88.86,464.8,31.6,1185,80.55,2566.08,1965,239786.29,74.94
"E09000006","Bromley",2006,44.3,88.29,479.5,35.1,1180,81.15,2368.67,1955,249691.69,78.01
"E09000006","Bromley",2007,44.37,87.64,506.3,35.3,1165,81.34,2099.58,1930,277229.95,82.94
"E09000006","Bromley",2008,44.12,85.98,546,31.9,1161,81.48,2195.83,2135,277727.52,85.44
"E09000006","Bromley",2009,44.09,85.49,545.6,35,1158,81.61,1981.75,2120,249909.34,89.55
"E09000006","Bromley",2010,44.3,84.82,527.2,36.9,1126,81.97,1782.78,2070,271049.05,95.58
"E09000006","Bromley",2011,43.92,84.3,551.7,43.5,1130,82.36,1795.25,1995,274874.58,95.71
"E09000006","Bromley",2012,43.69,83.5,566.6,44.1,1127,82.58,1685.83,2065,282025.01,101.62
"E09000006","Bromley",2013,44.49,82.76,581.1,46.4,1135,82.9,1594.08,2070,296669.2,111.1
"E09000006","Bromley",2014,45.22,82.06,578.5,46.1,1156,82.97,1659.83,2060,347857.25,111.69
"E09000006","Bromley",2015,45.48,81.39,583.8,47,1160,83.18,1750.5,1470,385681.45,115.94
"E09000006","Bromley",2016,45.93,80.83,584.3,48.8,1160,83.1,1717.67,2150,428008.12,118.13
"E09000006","Bromley",2017,46.08,80.29,608,46.9,1155,83.31,1882.42,2225,441218.59,116.92
"E09000006","Bromley",2018,46.11,79.8,632.7,49.6,1135,83.18,1915.25,2520,443416.58,115.72
"E09000006","Bromley",2019,46.42,79.34,638.3,54.1,1180,83.34,2078.17,2425,436228.66,115.86
"E09000006","Bromley",2020,46.35,78.91,613.2,52.5,940,83.07,1796.75,1530,435047.9,113.49
"E09000006","Bromley",2021,46.28,78.51,666.6,57.9,1090,83.04,1856.25,2300,466823.83,116.32
"E09000006","Bromley",2022,46.21,78.14,704.7,59.26,1117,83.15,1900,2370,502695,117.82
"E09000006","Bromley",2023,46.14,77.8,717.93,60.63,1126,83.17,1882.32,2300,498813.33,122.21
"E09000006","Bromley",2024,46.07,77.47,731.16,61.99,1130,83.25,1864.65,2310,490728.88,124.72
"E09000006","Bromley",2025,46,77.17,744.39,63.36,1131,83.29,1846.97,2271,499481.02,127.23
"E09000006","Bromley",2026,45.93,76.89,757.62,64.72,1132,83.36,1829.3,2271,513260.13,129.74
"E09000006","Bromley",2027,45.86,76.62,770.85,66.09,1132,83.41,1811.62,2271,527039.24,132.25
"E09000006","Bromley",2028,45.79,76.36,784.08,67.45,1132,83.47,1793.95,2271,540818.34,134.76
"E09000006","Bromley",2029,45.72,76.11,797.31,68.82,1132,83.52,1776.27,2271,554597.45,137.27
"E09000006","Bromley",2030,45.65,75.88,810.54,70.18,1132,83.58,1758.6,2271,568376.56,139.78
"E09000006","Bromley",2031,45.58,75.66,823.77,71.55,1132,83.63,1740.92,2271,582155.67,142.29
"E09000007","Camden",2001,47.19,73.23,NA,NA,477,NA,4425.25,NA,278594.04,65.16
"E09000007","Camden",2002,47.39,72.79,470.8,NA,470,NA,4490.83,NA,314179.51,67.5
"E09000007","Camden",2003,47.33,72.24,491.1,NA,464,77.82,4251.33,3225,323053.85,69.82
"E09000007","Camden",2004,46.98,71.81,507.9,46.9,446,78.34,3786,3120,351847.8,73.27
"E09000007","Camden",2005,46.37,71.61,541,48.2,436,78.66,3519.67,3170,368345.08,80.87
"E09000007","Camden",2006,45.72,71.28,552.2,48.9,430,79.07,3536.25,3120,394819.37,83.29
"E09000007","Camden",2007,44.56,70.98,592.6,50.8,427,79.61,2949.83,3110,466485.64,86.94
"E09000007","Camden",2008,42.91,70.02,614.6,51.9,417,80.19,2847.92,3440,501223.24,91.21
"E09000007","Camden",2009,42.41,69.93,621.1,52.5,419,80.87,2814.42,1630,454628.07,96.16
"E09000007","Camden",2010,41.97,69.35,583,55.3,399,81.4,2721.89,3530,513221.13,102.56
"E09000007","Camden",2011,42.07,66.35,612,55.2,394,81.98,2913.92,3480,554392.96,104.29
"E09000007","Camden",2012,42.12,65.93,612,59.5,376,82.4,2744.58,3640,586165.94,111.48
"E09000007","Camden",2013,42.5,65.69,629.5,59.9,375,82.82,2395.33,3675,667447.56,121.61
"E09000007","Camden",2014,42.49,65.5,613.1,60.6,379,83.2,2299.75,3800,756486.47,127.14
"E09000007","Camden",2015,42.77,65.38,588.1,61.1,377,83.1,2499.83,2780,787440.93,132.35
"E09000007","Camden",2016,43.64,65.29,632.5,58.8,371,83.26,2480.08,4050,807118.96,134.18
"E09000007","Camden",2017,44.57,65.25,614.3,59.9,368,82.84,3119.67,4295,839347.48,135.57
"E09000007","Camden",2018,45.35,65.2,634.4,64.3,359,82.78,2968.58,4590,842186.93,133.52
"E09000007","Camden",2019,45.59,65.15,662,60.9,355,82.62,3280,5055,848157.6,131.12
"E09000007","Camden",2020,45.96,65.1,623,65.3,279,82.22,2424.33,3800,833570.04,129.71
"E09000007","Camden",2021,46.13,65.06,695,66.8,311,81.89,2302.83,5615,838758.5,134.75
"E09000007","Camden",2022,46.11,65.02,690.3,67.23,316,81.85,2809.56,5540,863668.92,136.88
"E09000007","Camden",2023,45.95,64.99,708.16,68.35,313,81.66,2760.63,5280,854332.25,142.68
"E09000007","Camden",2024,45.67,64.96,716.31,69.47,300,81.55,2711.71,5345,827876.5,147.23
"E09000007","Camden",2025,45.34,64.93,728.64,70.59,294,81.4,2662.79,5254,837475.16,151.23
"E09000007","Camden",2026,44.99,64.9,739.18,71.71,287,81.27,2613.87,5254,861288.03,154.97
"E09000007","Camden",2027,44.68,64.88,750.48,72.83,280,81.13,2564.95,5254,885100.9,158.59
"E09000007","Camden",2028,44.41,64.85,761.46,73.95,273,80.99,2516.03,5254,908913.77,162.16
"E09000007","Camden",2029,44.22,64.84,772.57,75.07,266,80.85,2467.1,5254,932726.64,165.72
"E09000007","Camden",2030,44.12,64.82,783.63,76.18,260,80.71,2418.18,5254,956539.51,169.26
"E09000007","Camden",2031,44.09,64.79,794.71,77.3,253,80.58,2369.26,5254,980352.38,172.79
"E09000008","Croydon",2001,46.58,69.98,NA,NA,1166,NA,3120.83,NA,132509.21,71.85
"E09000008","Croydon",2002,46.72,69.08,405.3,NA,1170,NA,3218.17,NA,157022.77,74.49
"E09000008","Croydon",2003,46.73,68.24,406.4,NA,1162,78.75,3086.92,2090,185784.03,76.09
"E09000008","Croydon",2004,46.85,67.34,413.3,27.6,1140,78.81,2917,2035,198588.53,77.93
"E09000008","Croydon",2005,46.71,66.52,421,29.4,1136,79.06,2904.92,2050,204407.33,81.54
"E09000008","Croydon",2006,46.24,65.76,441.6,29.8,1139,79.33,2625.83,2055,212111.34,85.15
"E09000008","Croydon",2007,45.71,65.01,454,30,1151,79.82,2548.92,2040,233665.59,88.23
"E09000008","Croydon",2008,45.37,67.78,481.6,33.1,1123,80.18,2732.42,2250,235998.6,91.19
"E09000008","Croydon",2009,44.95,67.6,496,31.2,1112,80.75,2767.5,2225,203706.37,96.61
"E09000008","Croydon",2010,44.33,67.22,515.5,40.1,1080,80.73,2619.11,2135,218639.68,101.32
"E09000008","Croydon",2011,44.15,55.11,481.7,36.7,1080,81,2636.83,2140,215427.58,101.9
"E09000008","Croydon",2012,44.09,53.94,493.2,40,1064,81.08,2635,2200,221817.15,107.26
"E09000008","Croydon",2013,43.74,52.89,481.4,42.4,1070,81.53,2323.33,2240,234439.88,114.39
"E09000008","Croydon",2014,43.57,51.86,499,40.7,1082,81.72,2321.42,2250,274827.42,118.44
"E09000008","Croydon",2015,43.72,50.85,492.2,40.6,1075,81.81,2394.67,1730,307064.08,123.11
"E09000008","Croydon",2016,43.46,49.9,512.3,48.1,1077,81.85,2458.83,2430,355846.81,125.93
"E09000008","Croydon",2017,42.93,49.05,538.5,47.2,1066,81.86,2486.83,2515,372554.48,124.37
"E09000008","Croydon",2018,43.66,48.25,550.6,47.6,1062,81.94,2533.42,2560,370288.35,123.39
"E09000008","Croydon",2019,44.74,47.52,561.7,42.9,1084,81.97,2751.58,2630,365937.22,122.2
"E09000008","Croydon",2020,45.43,46.83,565.1,48.5,884,81.48,2666.33,2260,374646.01,120.9
"E09000008","Croydon",2021,45.93,46.19,613.3,49.7,1012,81.22,2676.67,2740,387554.67,124.02
"E09000008","Croydon",2022,46.06,45.59,667.7,51.04,1036,81.3,2790,2860,407964.67,125.79
"E09000008","Croydon",2023,46.09,45.03,680.82,52.31,1052,81.21,2808.65,2710,403059.25,131.04
"E09000008","Croydon",2024,46.1,44.51,693.94,53.61,1032,81.13,2827.3,2700,392997.62,134.98
"E09000008","Croydon",2025,46.1,44.02,707.06,54.9,1032,81.04,2845.95,2712,395922.01,138.28
"E09000008","Croydon",2026,46.1,43.55,720.18,56.19,1032,80.95,2864.6,2733,403654.32,141.28
"E09000008","Croydon",2027,46.1,43.12,733.3,57.48,1032,80.86,2883.25,2755,413166.71,144.13
"E09000008","Croydon",2028,46.1,42.71,746.42,58.77,1032,80.78,2901.9,2777,423338.16,146.92
"E09000008","Croydon",2029,46.1,42.32,759.54,60.06,1032,80.69,2920.55,2798,433753.62,149.67
"E09000008","Croydon",2030,46.1,41.95,772.66,61.36,1032,80.6,2939.2,2820,444259.41,152.4
"E09000008","Croydon",2031,46.1,41.6,785.78,62.65,1032,80.51,2957.85,2842,454798.66,155.13
"E09000009","Ealing",2001,45.52,58.82,NA,NA,1166,NA,3260.67,NA,170190.62,63.68
"E09000009","Ealing",2002,46.01,58.91,431.5,NA,1173,NA,3345.58,NA,198426.77,66.47
"E09000009","Ealing",2003,46.52,58.76,448.5,NA,1162,78.56,3160.58,2005,221689.17,69.28
"E09000009","Ealing",2004,47.02,58.9,444.2,36.5,1154,78.82,3034.83,1965,241038.54,72.51
"E09000009","Ealing",2005,47.31,58.9,437.8,35.9,1145,79.19,3107.92,2025,244871.75,77.96
"E09000009","Ealing",2006,47.34,58.93,452,33.8,1123,79.74,3061.17,2085,260206.19,83.26
"E09000009","Ealing",2007,47.38,58.93,465.3,38.3,1078,80.29,2830.25,2165,293783.66,85.34
"E09000009","Ealing",2008,47.3,62.26,504.1,40.8,1104,80.57,2728.92,2430,295324.61,89.64
"E09000009","Ealing",2009,46.95,62.6,498.9,36.3,1112,80.72,2804.5,2390,264041.85,95.7
"E09000009","Ealing",2010,46.47,62.6,494.5,39.7,1084,80.72,2813.67,2355,292825.63,101.73
"E09000009","Ealing",2011,45.97,49,486.6,47.1,1072,81.07,2644.58,2185,302306.91,102.76
"E09000009","Ealing",2012,45.1,48.53,495,45.4,1028,81.46,2508.33,2315,318697.61,109.03
"E09000009","Ealing",2013,44.2,48.09,502.1,44.4,1083,81.91,2190.58,2310,338088.97,116.43
"E09000009","Ealing",2014,43.64,47.6,498.4,48,1053,82.18,2111.92,2455,400039.33,120.94
"E09000009","Ealing",2015,43.84,47.16,495.7,49.7,1059,82.34,2231.33,2150,438310.52,126.27
"E09000009","Ealing",2016,43.96,46.74,498.3,56.2,1046,82.4,2312.08,2720,476440.74,132.57
"E09000009","Ealing",2017,43.9,46.49,517.2,49.4,1063,82.65,2338.5,2900,484592.17,132.16
"E09000009","Ealing",2018,43.84,46.26,524.3,53.6,1057,82.6,2323.58,2905,480086.33,126.92
"E09000009","Ealing",2019,43.46,46.03,532.2,58.7,1064,82.71,2584.92,2905,472145.33,130.55
"E09000009","Ealing",2020,43.19,45.81,566.8,60.9,882,81.82,2361.67,2450,479742.24,125.74
"E09000009","Ealing",2021,43.08,45.6,582.6,65.7,960,81.43,2336.42,3160,505746.08,129.21
"E09000009","Ealing",2022,43.01,45.4,601.3,67.42,990,81.42,2381.56,3250,531633.58,131.18
"E09000009","Ealing",2023,42.96,45.21,609.79,69.14,977,81.21,2339.7,3170,527153.08,136.58
"E09000009","Ealing",2024,42.93,45.04,618.28,70.85,977,81.01,2297.84,3195,531221.75,139.75
"E09000009","Ealing",2025,42.9,44.87,626.77,72.57,977,80.8,2255.98,3234,546739.1,142.92
"E09000009","Ealing",2026,42.89,44.72,635.26,74.29,977,80.6,2214.12,3271,562256.45,146.09
"E09000009","Ealing",2027,42.88,44.58,643.75,76.01,977,80.39,2172.26,3309,577773.79,149.26
"E09000009","Ealing",2028,42.87,44.45,652.24,77.72,977,80.19,2130.4,3347,593291.14,152.43
"E09000009","Ealing",2029,42.86,44.32,660.73,79.44,977,79.98,2088.54,3385,608808.49,155.6
"E09000009","Ealing",2030,42.86,44.2,669.22,81.16,977,79.78,2046.68,3422,624325.84,158.76
"E09000009","Ealing",2031,42.86,44.09,677.71,82.88,977,79.57,2004.82,3460,639843.18,161.93
"E09000010","Enfield",2001,43.68,76.86,NA,NA,1213,NA,2450.08,NA,135713.17,64.06
"E09000010","Enfield",2002,44.5,75.34,363.1,NA,1236,NA,2503.5,NA,159791.07,68.04
"E09000010","Enfield",2003,45.31,74.16,377.1,NA,1274,78.83,2499.83,1600,190572.74,69.76
"E09000010","Enfield",2004,45.64,73.21,386,21.5,1280,78.97,2344.25,1580,205848.2,73.37
"E09000010","Enfield",2005,45.99,72.37,408.1,28.2,1259,79.13,2289.42,1620,212548.55,77.56
"E09000010","Enfield",2006,46.41,71.67,409.6,31.7,1318,79.78,2254.83,1550,219541.68,81.9
"E09000010","Enfield",2007,46.74,70.92,448.7,28.6,1312,80.27,2106.25,1520,243911.82,84.92
"E09000010","Enfield",2008,46.73,72.01,424.9,32.1,1259,80.47,2044.42,1745,245839.33,88.83
"E09000010","Enfield",2009,46.99,71.6,460.2,34.6,1288,80.72,2038.25,1765,221993.13,92.9
"E09000010","Enfield",2010,46.89,71.02,439.4,34.3,1340,80.91,1867.56,1740,242127.51,99.87
"E09000010","Enfield",2011,46.41,61.01,475.8,36.8,1237,81.67,1901.42,1735,241991.26,100.97
"E09000010","Enfield",2012,45.94,60.26,455.4,35.9,1291,82.09,1847.33,1830,247667.15,108.47
"E09000010","Enfield",2013,45.78,59.58,450.3,36.2,1238,82.28,1822.17,1815,261604.36,115.78
"E09000010","Enfield",2014,45.4,58.9,462.8,41,1286,82.26,1839.33,1960,294515.79,120.11
"E09000010","Enfield",2015,44.93,58.25,473.6,43.6,1319,82.14,1877.42,1585,335503.5,125.54
"E09000010","Enfield",2016,44.49,57.67,463.9,41.3,1306,82.34,1921,2000,385489.81,128.84
"E09000010","Enfield",2017,44.1,57.13,479.8,36.1,1304,82.41,2062.83,2025,395929.18,125.36
"E09000010","Enfield",2018,44.34,56.63,464.8,40.8,1308,82.68,2297.25,2030,396564.44,122.2
"E09000010","Enfield",2019,44.29,56.16,490.1,40,1328,82.82,2494.08,2050,392439.03,122.77
"E09000010","Enfield",2020,43.91,55.73,492.6,45.6,1026,82.11,2342.58,1915,396769,120.55
"E09000010","Enfield",2021,43.66,55.33,521.5,49.2,1194,81.74,2379.58,2495,422486,123.27
"E09000010","Enfield",2022,43.53,54.97,561,50.83,1273,81.7,2486.78,2595,445504.58,125.04
"E09000010","Enfield",2023,43.51,54.63,552.39,52.46,1296,81.66,2549.86,2495,439377.08,130.06
"E09000010","Enfield",2024,43.57,54.31,572.17,54.09,1266,81.62,2612.93,2510,436026.38,133.78
"E09000010","Enfield",2025,43.69,54.02,575.2,55.72,1257,81.58,2676.01,2567,445377.25,136.96
"E09000010","Enfield",2026,43.85,53.75,588.11,57.35,1254,81.54,2739.09,2615,457694.43,139.91
"E09000010","Enfield",2027,44.04,53.49,595.19,58.98,1253,81.5,2802.17,2662,470011.6,142.76
"E09000010","Enfield",2028,44.22,53.25,605.72,60.61,1253,81.46,2865.24,2710,482328.78,145.58
"E09000010","Enfield",2029,44.4,53.03,614.21,62.24,1253,81.42,2928.32,2757,494645.95,148.38
"E09000010","Enfield",2030,44.55,52.81,623.9,63.86,1253,81.38,2991.4,2805,506963.13,151.18
"E09000010","Enfield",2031,44.68,52.62,632.88,65.49,1253,81.34,3054.48,2851,519280.3,153.97
"E09000011","Greenwich",2001,43.13,76.95,NA,NA,924,NA,2416.25,NA,125820.07,62.92
"E09000011","Greenwich",2002,43.17,76.31,401.3,NA,947,NA,2600.17,NA,147421.51,65.87
"E09000011","Greenwich",2003,42.7,75.62,430.4,NA,954,77.03,2612.25,1130,171042.62,68.13
"E09000011","Greenwich",2004,43.21,75,441.8,26.7,990,77.31,2598.83,1135,186893.59,71.63
"E09000011","Greenwich",2005,43.82,74.28,405,28,986,77.44,2612.83,1150,196344.07,75.67
"E09000011","Greenwich",2006,44.68,73.7,456.3,32.4,966,77.84,2485.75,1160,207167.29,78.6
"E09000011","Greenwich",2007,45.14,73.2,456.2,31.5,959,78.11,2551.42,1175,228861.97,80.86
"E09000011","Greenwich",2008,45.49,74.18,480.8,36.6,942,78.53,2389.75,1325,231136.2,85.99
"E09000011","Greenwich",2009,46.09,73.88,513.2,35.3,944,78.85,2135.17,1295,210322.71,90.7
"E09000011","Greenwich",2010,46.38,73.34,488.7,36,926,79.25,1978.89,1295,229069.52,95.44
"E09000011","Greenwich",2011,46.81,62.47,488,43.2,948,79.88,1839.17,1265,229295.4,96.61
"E09000011","Greenwich",2012,46.92,61.87,470.5,42.1,919,80.25,1741.08,1465,236980.62,100.87
"E09000011","Greenwich",2013,46.76,61.35,516.5,43.6,911,80.61,1609.33,1460,253399.26,107.74
"E09000011","Greenwich",2014,46.5,60.85,509.1,40.8,920,80.65,1687.42,1530,298351.46,111.15
"E09000011","Greenwich",2015,46.16,60.34,532.5,42.3,928,80.68,1786.67,1110,331848.81,116.24
"E09000011","Greenwich",2016,45.66,59.85,539.3,45.7,914,80.69,1941.58,1595,372737.74,119.42
"E09000011","Greenwich",2017,44.91,59.41,553,53.5,917,80.75,2098.5,1655,391749.94,118.07
"E09000011","Greenwich",2018,44.07,58.99,566,51.5,913,80.98,2104.67,1670,388387.51,119.25
"E09000011","Greenwich",2019,43.52,58.6,579.5,49.7,925,81.2,2334.58,1730,393212.3,118.66
"E09000011","Greenwich",2020,43.27,58.25,573.1,62.1,771,80.64,2056.75,1245,397126.32,117.39
"E09000011","Greenwich",2021,43.18,57.93,618.3,58.2,866,80.16,2100.17,1900,418248.75,120.65
"E09000011","Greenwich",2022,43.36,57.63,657.4,58.33,892,80.16,2208,1990,446899.5,122.34
"E09000011","Greenwich",2023,43.7,57.37,640.14,64.37,907,80.16,2249.95,1965,433115.5,127.49
"E09000011","Greenwich",2024,44.19,57.13,651.27,64.42,911,80.16,2291.91,2085,441157.5,131.14
"E09000011","Greenwich",2025,44.75,56.9,662.4,65.3,913,80.16,2333.86,1981,455292.54,134.27
"E09000011","Greenwich",2026,45.33,56.7,673.54,68.78,915,80.16,2375.82,2002,468263.13,137.22
"E09000011","Greenwich",2027,45.83,56.52,684.67,70.11,915,80.16,2417.77,2023,481233.71,140.1
"E09000011","Greenwich",2028,46.21,56.35,695.8,71.49,916,80.16,2459.72,2043,494204.3,142.97
"E09000011","Greenwich",2029,46.42,56.2,706.94,73.96,916,80.16,2501.68,2064,507174.89,145.82
"E09000011","Greenwich",2030,46.46,56.05,718.07,75.69,916,80.16,2543.63,2085,520145.47,148.68
"E09000011","Greenwich",2031,46.32,55.92,729.2,77.34,916,80.16,2585.59,2106,533116.06,151.53
"E09000012","Hackney",2001,42.98,59.65,NA,NA,439,NA,3314.08,NA,153406.32,59.83
"E09000012","Hackney",2002,42.55,59.91,387.1,NA,447,NA,3272.25,NA,180269.46,62.65
"E09000012","Hackney",2003,42.34,59.98,395.2,NA,431,77.31,3252.92,1330,201071.48,64.64
"E09000012","Hackney",2004,41.88,60.37,411.1,31,411,77.55,3041,1385,217677.08,67.55
"E09000012","Hackney",2005,41.83,60.82,432.1,28.6,401,78.06,2885.83,1360,227936.95,72.12
"E09000012","Hackney",2006,42.33,61.29,428.8,32.4,408,78.04,2596.67,1380,253254.4,75.46
"E09000012","Hackney",2007,43.19,61.77,451.1,36.9,404,78.37,2686.75,1365,290396.71,78.48
"E09000012","Hackney",2008,44.02,62.08,472.6,45.7,399,78.33,2476.08,1555,311770.53,83.09
"E09000012","Hackney",2009,44.94,62.66,503.7,45.7,390,78.99,2393.42,1635,282240.75,89.43
"E09000012","Hackney",2010,45.47,63.22,501.3,42.4,382,79.23,2297.67,1595,300490.89,94.42
"E09000012","Hackney",2011,46.18,54.7,517.4,47.6,369,79.81,2231.25,1630,308698.44,96.49
"E09000012","Hackney",2012,46.95,55.04,511.4,47.2,355,79.96,2342.83,1775,325492.48,105.39
"E09000012","Hackney",2013,47.36,55.4,519,47,344,80.34,2163.75,1850,372668.9,110.95
"E09000012","Hackney",2014,47.7,55.76,513,48.3,349,80.46,2109.67,2040,456388.44,115.58
"E09000012","Hackney",2015,47.82,56.05,534.5,49.2,350,80.4,2292.5,1975,506798.99,120.24
"E09000012","Hackney",2016,47.89,56.21,527.8,54.9,349,80.43,2411.08,2345,537746.35,123.55
"E09000012","Hackney",2017,47.71,56.37,558.1,59.3,344,80.27,2635.42,2500,549005.56,122.84
"E09000012","Hackney",2018,47.26,56.51,555.4,53.4,333,80.89,2583.58,2635,544644.93,120.01
"E09000012","Hackney",2019,46.21,56.64,574.9,57.4,337,81.09,2823.92,2760,554909.28,119.13
"E09000012","Hackney",2020,44.97,56.75,574.9,60.6,278,80.46,2516.67,2525,582893.35,119.7
"E09000012","Hackney",2021,43.82,56.86,576.8,71.1,314,79.51,2531,3230,573982.67,121.41
"E09000012","Hackney",2022,42.85,56.96,624.1,73.46,308,79.25,2581.33,3495,592730.5,123.4
"E09000012","Hackney",2023,42.08,57.06,617.14,75.82,313,78.9,2588.59,3555,591934.33,128.57
"E09000012","Hackney",2024,41.5,57.14,637.7,78.18,306,78.55,2595.85,3540,583139.88,132.78
"E09000012","Hackney",2025,41.07,57.22,644.3,80.54,303,78.19,2603.11,3645,588878.77,136.48
"E09000012","Hackney",2026,40.76,57.29,657.98,82.89,299,77.84,2610.37,3751,600899.51,139.91
"E09000012","Hackney",2027,40.53,57.36,668.07,85.25,295,77.49,2617.63,3855,615635.47,143.19
"E09000012","Hackney",2028,40.37,57.42,679.98,87.61,292,77.14,2624.9,3961,631545.06,146.39
"E09000012","Hackney",2029,40.26,57.48,690.97,89.97,288,76.79,2632.16,4066,647961.94,149.56
"E09000012","Hackney",2030,40.18,57.54,702.42,92.33,284,76.44,2639.42,4172,664598.08,152.69
"E09000012","Hackney",2031,40.13,57.59,713.64,94.69,280,76.08,2646.68,4276,681328.99,155.82
"E09000013","Hammersmith and Fulham",2001,44.37,77.92,NA,NA,478,NA,2457.25,NA,271918.78,59.74
"E09000013","Hammersmith and Fulham",2002,42.46,77.99,492.8,NA,480,NA,2500.25,NA,302459.06,62.08
"E09000013","Hammersmith and Fulham",2003,41.87,77.78,498.3,NA,467,78.49,2387.5,1695,318805.69,64.69
"E09000013","Hammersmith and Fulham",2004,42.21,77.91,512,46.9,467,78.81,2261.58,1685,343380.92,68.08
"E09000013","Hammersmith and Fulham",2005,42.43,78.12,490.7,48.5,445,79.11,2155.08,1715,362575.61,73.27
"E09000013","Hammersmith and Fulham",2006,42.25,78.28,545.7,50.6,447,80.15,2111.17,1700,397586.46,77.07
"E09000013","Hammersmith and Fulham",2007,42.43,78.27,546.2,52.5,441,80.22,1934.92,1690,474140.6,81.3
"E09000013","Hammersmith and Fulham",2008,42.69,76.19,584.8,51.4,428,80.28,1910.67,1855,474947.76,87.27
"E09000013","Hammersmith and Fulham",2009,43.38,75.96,585.1,46.3,430,80.25,1905.58,1800,435456.44,92.03
"E09000013","Hammersmith and Fulham",2010,44.08,76.38,596.9,49.4,421,80.52,1933,1900,502256.96,99.15
"E09000013","Hammersmith and Fulham",2011,45,68.08,594.1,56.4,405,80.8,1883.58,1960,518573.67,101.78
"E09000013","Hammersmith and Fulham",2012,45.99,67.49,613.3,58.8,380,80.97,1810.58,2065,567081.84,107.68
"E09000013","Hammersmith and Fulham",2013,46.34,67.01,610.7,60.6,388,81.03,1556.17,2135,631529.17,115.31
"E09000013","Hammersmith and Fulham",2014,46.71,66.58,609.9,66.8,381,81.61,1604.08,2190,721099.85,121.13
"E09000013","Hammersmith and Fulham",2015,47.29,66.24,646.7,67.4,382,81.4,1677.42,1510,760833.64,128.17
"E09000013","Hammersmith and Fulham",2016,47.67,65.85,641.9,61.6,386,81.72,1711,2305,755097.38,130.66
"E09000013","Hammersmith and Fulham",2017,47.49,65.67,651.1,65.6,380,81.6,1777.92,2320,756900.42,130.06
"E09000013","Hammersmith and Fulham",2018,47.49,65.49,682,63.1,387,81.63,1775.75,2400,725725.49,128.68
"E09000013","Hammersmith and Fulham",2019,47.14,65.32,728,70,389,81.6,1897,2405,717794.66,128.56
"E09000013","Hammersmith and Fulham",2020,46.48,65.15,713.1,65.3,291,80.69,1535.75,1530,726979.65,128.31
"E09000013","Hammersmith and Fulham",2021,45.97,64.99,727,74.4,331,80.3,1607,2480,764324.92,130.44
"E09000013","Hammersmith and Fulham",2022,45.88,64.84,729.9,74.4,346,80.35,1651.11,2485,774309.25,132.27
"E09000013","Hammersmith and Fulham",2023,45.88,64.69,746.21,74.4,342,80.17,1612.72,2365,812978.42,138.39
"E09000013","Hammersmith and Fulham",2024,45.88,64.55,756.39,74.4,331,79.99,1574.34,2425,762812,143.52
"E09000013","Hammersmith and Fulham",2025,45.88,64.42,769.37,74.4,326,79.82,1535.95,2386,784866.28,148.05
"E09000013","Hammersmith and Fulham",2026,45.88,64.3,781.07,74.4,321,79.64,1497.56,2386,806920.55,152.2
"E09000013","Hammersmith and Fulham",2027,45.88,64.19,793.36,74.4,317,79.46,1459.18,2386,828974.83,156.11
"E09000013","Hammersmith and Fulham",2028,45.88,64.09,805.38,74.4,312,79.28,1420.79,2386,851029.1,159.88
"E09000013","Hammersmith and Fulham",2029,45.88,64,817.52,74.4,307,79.1,1382.4,2386,873083.38,163.56
"E09000013","Hammersmith and Fulham",2030,45.88,63.92,829.61,74.4,302,78.92,1344.01,2386,895137.66,167.19
"E09000013","Hammersmith and Fulham",2031,45.88,63.84,841.72,74.4,297,78.75,1305.63,2386,917191.93,170.78
"E09000014","Haringey",2001,47.34,65.82,NA,NA,499,NA,3138.42,NA,165127.04,61.93
"E09000014","Haringey",2002,46.49,65.19,384.9,NA,496,NA,3251.42,NA,195801.26,64.21
"E09000014","Haringey",2003,45.44,64.78,429.4,NA,492,77.19,3067.25,1440,220320.07,66.16
"E09000014","Haringey",2004,44.45,64.84,437.3,35.3,477,77.46,2962.75,1435,236265.14,68.59
"E09000014","Haringey",2005,43.5,65.17,438.3,36.7,474,78.03,2947.25,1475,245820.66,73.26
"E09000014","Haringey",2006,43.1,65.49,455,40.1,472,79,2549.58,1485,263920.94,76.24
"E09000014","Haringey",2007,43.27,65.79,462.9,41.6,471,79.43,2457.25,1460,305509.51,80.14
"E09000014","Haringey",2008,43.18,66.1,498.4,41.1,449,79.69,2281.58,1615,303396.08,83.8
"E09000014","Haringey",2009,42.89,66.4,489.3,42.4,434,80.2,2145.25,1615,276214.06,88.16
"E09000014","Haringey",2010,42.75,65.97,495.7,42.4,425,80.65,2010.22,1600,314479.84,94.36
"E09000014","Haringey",2011,42.49,60.55,471.8,50.4,425,81.1,2053.42,1595,326468.34,96.07
"E09000014","Haringey",2012,43.59,60.77,489.1,52.1,417,81.36,2022.83,1680,339685.91,101.91
"E09000014","Haringey",2013,44.19,61.02,464.6,52.6,415,82.05,1760.58,1680,372233.57,109.14
"E09000014","Haringey",2014,44.97,61.24,467.7,46.4,421,82.13,1929.25,1760,435807.74,113.88
"E09000014","Haringey",2015,45.76,61.45,500,49.3,421,82.09,2097.67,1545,480636.08,118.77
"E09000014","Haringey",2016,46.38,61.65,481.9,52.4,417,82.12,2317,1930,527676.61,123.05
"E09000014","Haringey",2017,46.75,61.84,525.3,54,413,82.33,2487.75,1955,557306.89,120.67
"E09000014","Haringey",2018,47.22,62.01,551.4,53.7,416,82.57,2551.08,2005,551552.9,118.09
"E09000014","Haringey",2019,47.31,62.16,547.6,59,424,82.41,2639.33,2070,546173.95,119.23
"E09000014","Haringey",2020,47.23,62.29,567.8,65.2,333,81.64,2320.42,1700,557247.57,118.22
"E09000014","Haringey",2021,46.98,62.42,546,56.2,376,81.1,2356.17,2235,550657.92,121.16
"E09000014","Haringey",2022,46.63,62.54,602.1,56.2,376,81.21,2340.67,2355,574818,121.13
"E09000014","Haringey",2023,46.22,62.65,588.02,56.2,377,81.32,2331.06,2350,581438.17,127.99
"E09000014","Haringey",2024,45.81,62.75,609.43,56.2,366,81.43,2321.46,2360,564987,132.41
"E09000014","Haringey",2025,45.43,62.84,612.89,56.2,361,81.54,2311.85,2358,570264.26,135.93
"E09000014","Haringey",2026,45.12,62.92,625.43,56.2,357,81.65,2302.25,2385,586464.39,139.13
"E09000014","Haringey",2027,44.9,63,633.38,56.2,352,81.76,2292.64,2411,602664.53,142.2
"E09000014","Haringey",2028,44.77,63.06,643.65,56.2,347,81.87,2283.04,2438,618864.66,145.23
"E09000014","Haringey",2029,44.73,63.12,652.74,56.2,342,81.98,2273.44,2464,635064.8,148.25
"E09000014","Haringey",2030,44.76,63.18,662.43,56.2,337,82.09,2263.83,2491,651264.93,151.25
"E09000014","Haringey",2031,44.85,63.23,671.82,56.2,332,82.2,2254.23,2517,667465.06,154.26
"E09000015","Harrow",2001,46.59,58.62,NA,NA,556,NA,1518.08,NA,170250.17,66.5
"E09000015","Harrow",2002,46.51,57.99,378.1,NA,589,NA,1631.08,NA,202680.88,69.99
"E09000015","Harrow",2003,46.11,57.41,417.1,NA,577,80.62,1535.83,1335,232598.35,68.99
"E09000015","Harrow",2004,45.55,56.7,407.5,33.6,573,80.66,1508.92,1325,252291.72,72.09
"E09000015","Harrow",2005,45.31,56.03,430.9,31.9,571,80.71,1456.75,1365,255332.82,77.75
"E09000015","Harrow",2006,44.9,55.5,459.9,32.6,570,81.08,1319.75,1360,265447.96,82.28
"E09000015","Harrow",2007,44.26,54.89,460.7,34.1,565,81.65,1172.83,1360,293492.03,83.57
"E09000015","Harrow",2008,43.85,59.57,479.1,28.5,565,82.28,1253.92,1480,294650.06,91.23
"E09000015","Harrow",2009,43.98,59.73,494.3,33.1,557,82.72,1282.67,1485,263036.1,96.04
"E09000015","Harrow",2010,43.77,57.4,506.1,34.6,538,82.92,1240.67,1465,292166.04,102.34
"E09000015","Harrow",2011,43.77,42.22,487.7,43.3,545,83.18,1138.42,1495,296477.73,105.7
"E09000015","Harrow",2012,43.67,41.34,471.7,46.6,552,83.38,1126.17,1620,304904.63,112.39
"E09000015","Harrow",2013,43.51,40.52,478.9,45.4,544,83.78,1012.58,1620,319397.71,119.06
"E09000015","Harrow",2014,43.32,39.72,492.3,51.9,547,84,1009.92,1655,360795.81,125.88
"E09000015","Harrow",2015,44.15,38.95,505.1,47.9,542,84.04,1070.75,1400,408604.43,130.62
"E09000015","Harrow",2016,44.63,38.23,522.8,44.7,540,84.09,1120.08,1720,453862.31,137.39
"E09000015","Harrow",2017,45.16,37.62,543.4,48.8,535,84.11,1147.42,1770,470763.42,134.13
"E09000015","Harrow",2018,45.73,37.06,534.9,46.3,529,84.38,1220.25,1815,465902.2,130.91
"E09000015","Harrow",2019,46.01,36.53,581.9,50.1,546,84.43,1405.67,1890,449287.22,132.14
"E09000015","Harrow",2020,46.18,36.04,570.5,59.5,421,83.67,1262.58,1550,455396,130.36
"E09000015","Harrow",2021,46.19,35.58,580.2,57.7,493,83.04,1224.58,2025,489382.17,133.37
"E09000015","Harrow",2022,46.1,35.16,620.5,57.7,511,82.86,1236,2130,520172.58,135.08
"E09000015","Harrow",2023,45.94,34.77,632.62,57.7,518,82.68,1227.3,2085,510647.5,141.08
"E09000015","Harrow",2024,45.75,34.4,644.74,57.7,527,82.5,1218.61,2155,511232.5,145.34
"E09000015","Harrow",2025,45.57,34.06,656.86,57.7,532,82.32,1209.91,2166,524639.47,149.03
"E09000015","Harrow",2026,45.4,33.75,668.98,57.7,534,82.14,1201.21,2183,539193.66,152.53
"E09000015","Harrow",2027,45.27,33.45,681.1,57.7,536,81.96,1192.52,2198,553747.85,155.97
"E09000015","Harrow",2028,45.17,33.18,693.22,57.7,537,81.78,1183.82,2213,568302.04,159.39
"E09000015","Harrow",2029,45.1,32.91,705.34,57.7,537,81.6,1175.13,2229,582856.23,162.8
"E09000015","Harrow",2030,45.06,32.66,717.46,57.7,538,81.42,1166.43,2244,597410.41,166.21
"E09000015","Harrow",2031,45.05,32.43,729.58,57.7,538,81.24,1157.73,2259,611964.6,169.61
"E09000016","Havering",2001,46.15,94.97,NA,NA,1190,NA,1822.33,NA,124071.4,64.47
"E09000016","Havering",2002,46.41,94.22,385.1,NA,1234,NA,1794.75,NA,149065.94,67.58
"E09000016","Havering",2003,45.69,93.47,413.4,NA,1154,78.78,1847.08,1305,179117.78,69.09
"E09000016","Havering",2004,45.7,92.8,449.3,12,1157,79.06,1785.92,1305,195992.4,71.35
"E09000016","Havering",2005,45.53,91.92,463.9,17.6,1197,79.57,1814.33,1355,204047.22,77.34
"E09000016","Havering",2006,45.02,91.16,424.9,18.3,1247,80.01,1666.42,1355,211316.59,81.8
"E09000016","Havering",2007,44.53,90.49,455.8,18.3,1222,80.08,1433.33,1360,233534.89,85.58
"E09000016","Havering",2008,44.47,89.2,506.4,19.5,1233,80.33,1501.67,1475,231473.74,89.06
"E09000016","Havering",2009,44.61,88.59,485.7,15.8,1282,80.65,1429.42,1455,205962.15,85.82
"E09000016","Havering",2010,44.37,87.87,493.7,17.4,1257,80.84,1394.89,1425,220413.26,92
"E09000016","Havering",2011,44.09,87.64,505.3,18.9,1231,81.25,1415.33,1380,219558.76,95.57
"E09000016","Havering",2012,44.06,86.92,500.9,20.5,1240,81.31,1369.25,1445,221602.06,100.17
"E09000016","Havering",2013,44.21,86.19,489.7,24.6,1271,81.6,1268.83,1450,226428.82,107.27
"E09000016","Havering",2014,44.1,85.38,499.1,25.7,1283,81.88,1261.5,1510,259267.27,110.47
"E09000016","Havering",2015,43.99,84.65,517.5,26,1267,82.17,1351,1125,291844.82,118.4
"E09000016","Havering",2016,43.71,83.92,532.6,27.8,1286,82.15,1437.5,1595,341803.89,120.08
"E09000016","Havering",2017,43.97,83.31,534.2,30,1297,81.85,1544.58,1640,360479.24,120.93
"E09000016","Havering",2018,44.56,82.74,544.8,30,1303,81.82,1533.42,1590,370303.42,118.09
"E09000016","Havering",2019,44.82,82.2,568.5,33.7,1333,82.03,1570.75,1635,364635.56,116.33
"E09000016","Havering",2020,45.36,81.7,574.9,40.8,1078,81.52,1365.92,1190,369250.57,119.07
"E09000016","Havering",2021,45.68,81.23,585.7,37.1,1197,81.12,1401.08,1785,384345.33,118.14
"E09000016","Havering",2022,46,80.79,613.4,38.58,1270,80.94,1603.33,1785,414912.67,119.55
"E09000016","Havering",2023,46.33,80.37,624.81,40.05,1296,80.71,1616.97,1775,418477.67,124.5
"E09000016","Havering",2024,46.65,79.99,636.23,41.53,1258,80.48,1630.61,1735,415342,127.26
"E09000016","Havering",2025,46.97,79.62,647.64,43.01,1258,80.24,1644.25,1700,421153.91,130.02
"E09000016","Havering",2026,47.29,79.28,659.06,44.48,1258,80.01,1657.89,1708,430416.27,132.78
"E09000016","Havering",2027,47.61,78.95,670.47,45.96,1258,79.78,1671.52,1731,441009.21,135.54
"E09000016","Havering",2028,47.93,78.65,681.89,47.44,1258,79.55,1685.16,1746,452115.28,138.3
"E09000016","Havering",2029,48.26,78.35,693.3,48.91,1258,79.32,1698.8,1765,463419.21,141.06
"E09000016","Havering",2030,48.58,78.08,704.72,50.39,1258,79.08,1712.44,1782,474799.45,143.82
"E09000016","Havering",2031,48.9,77.81,716.13,51.86,1258,78.85,1726.08,1800,486209.12,146.58
"E09000017","Hillingdon",2001,45.85,78.86,NA,NA,1929,NA,2422.83,NA,145293.69,65.81
"E09000017","Hillingdon",2002,45.81,77.93,396.3,NA,1973,NA,2434.5,NA,172147.04,68.29
"E09000017","Hillingdon",2003,46.1,77.09,414.4,NA,1936,78.91,2445.75,1800,202707.81,70.96
"E09000017","Hillingdon",2004,46.58,76.07,431.5,24.2,1932,79,2316.67,1775,215696.09,73.52
"E09000017","Hillingdon",2005,46.62,75.2,431.3,25.9,1937,79.44,2364.75,1815,222899.78,78.86
"E09000017","Hillingdon",2006,46.45,74.39,439.3,24.5,1926,79.72,2345.33,1785,231405.06,84.08
"E09000017","Hillingdon",2007,46.46,73.52,469.6,25.5,1923,80.25,2199.92,1830,253838.66,87.45
"E09000017","Hillingdon",2008,46.23,75.18,479.1,24.6,1967,80.55,2118.33,1965,255580.29,91.75
"E09000017","Hillingdon",2009,45.7,74.78,480,31.9,2016,80.86,2013.75,1975,228275.79,97.12
"E09000017","Hillingdon",2010,45.28,73.64,499.8,27.4,1898,81,2095.22,1930,247991.53,102.39
"E09000017","Hillingdon",2011,45.16,60.57,497.4,35.3,1890,81.41,2145.33,1905,251781.66,102.57
"E09000017","Hillingdon",2012,44.77,58.98,509.7,35.8,1932,81.54,1917.67,2015,260476.43,107.96
"E09000017","Hillingdon",2013,44.05,57.62,522.2,40.6,1965,81.86,1709.5,2025,270594.76,115.68
"E09000017","Hillingdon",2014,43.64,56.27,492.5,39.7,1998,81.97,1967.42,2075,305781.95,119.76
"E09000017","Hillingdon",2015,43.66,54.97,498.8,40.2,1943,81.97,2007.08,1420,352748.35,123.78
"E09000017","Hillingdon",2016,43.68,53.8,499.8,44.7,1975,82.14,2082.25,2160,400791.49,126.37
"E09000017","Hillingdon",2017,43.57,52.79,500.4,43.2,1950,82.12,2266.83,2245,413586.55,126.02
"E09000017","Hillingdon",2018,43.03,51.85,531.7,43.2,1980,82.02,2276.08,2275,410267.16,124.13
"E09000017","Hillingdon",2019,42.98,50.97,545.9,51.9,2023,81.87,2496,2510,404350.7,124.44
"E09000017","Hillingdon",2020,43.78,50.14,560.9,54.9,1561,81.41,2144.08,1695,409892.88,121.89
"E09000017","Hillingdon",2021,44.3,49.38,594.8,49.7,1767,81.25,2036.5,2705,426096.25,125
"E09000017","Hillingdon",2022,44.05,48.67,629.6,54.82,1840,81.18,2180,2750,452216.17,126.75
"E09000017","Hillingdon",2023,43.8,48,641.27,54.68,1852,81.06,2168.44,2730,450173.33,132.03
"E09000017","Hillingdon",2024,44.13,47.38,652.93,57.22,1878,80.96,2156.87,2765,447469.75,136.02
"E09000017","Hillingdon",2025,44.54,46.8,664.6,58.39,1889,80.85,2145.31,2685,457144.93,139.45
"E09000017","Hillingdon",2026,44.49,46.26,676.26,60.26,1894,80.75,2133.75,2713,469792.66,142.65
"E09000017","Hillingdon",2027,44.25,45.76,687.93,61.77,1896,80.65,2122.18,2741,482440.38,145.76
"E09000017","Hillingdon",2028,44.33,45.29,699.59,63.47,1897,80.55,2110.62,2768,495088.11,148.82
"E09000017","Hillingdon",2029,44.6,44.85,711.26,65.07,1897,80.44,2099.06,2796,507735.83,151.86
"E09000017","Hillingdon",2030,44.65,44.43,722.92,66.72,1897,80.34,2087.49,2823,520383.56,154.89
"E09000017","Hillingdon",2031,44.49,44.04,734.59,68.35,1897,80.23,2075.93,2851,533031.28,157.92
"E09000018","Hounslow",2001,44.39,64.83,NA,NA,1423,NA,2494.08,NA,153622.97,66.96
"E09000018","Hounslow",2002,44.88,64.55,388.6,NA,1437,NA,2736.83,NA,175132.16,69.49
"E09000018","Hounslow",2003,45.51,64.04,395.6,NA,1421,77.62,2534.67,1370,198261.23,70.92
"E09000018","Hounslow",2004,46.24,63.34,400.1,25.5,1451,77.92,2325.67,1370,215827.15,73.92
"E09000018","Hounslow",2005,46.66,62.77,413.9,27.9,1415,78.4,2269.42,1440,222920.93,78.16
"E09000018","Hounslow",2006,46.99,62.23,432.6,32.7,1441,78.83,2040.42,1430,237044.46,81.07
"E09000018","Hounslow",2007,47.23,61.62,453.6,33.2,1383,79.26,1968.58,1475,260228.21,84.78
"E09000018","Hounslow",2008,47.3,64.74,435,35.2,1399,79.75,1979,1615,262945.5,89.01
"E09000018","Hounslow",2009,47.33,64.72,469.3,34.9,1409,80.15,1928.5,1675,236242.59,93.83
"E09000018","Hounslow",2010,47.22,63.26,479,34.8,1367,80.56,1943,1620,257449.5,99.53
"E09000018","Hounslow",2011,46.93,51.38,473.2,47.3,1366,80.88,1974.67,1595,264605.14,100.04
"E09000018","Hounslow",2012,46.57,50.81,479.1,47.1,1356,81.21,1969.33,1715,267958.13,106.55
"E09000018","Hounslow",2013,45.95,50.31,479.1,45.8,1359,81.38,1664.58,1720,290577.29,113.46
"E09000018","Hounslow",2014,44.96,49.79,463.5,49.9,1373,81.76,1692.58,1775,324525.85,118.07
"E09000018","Hounslow",2015,44.11,49.28,495.6,45.4,1350,81.93,1812.42,1345,351438.07,123.24
"E09000018","Hounslow",2016,43.75,48.77,500.9,50,1370,82.06,1901,1850,386462.04,126.84
"E09000018","Hounslow",2017,43.97,48.31,517,44.7,1346,81.94,2062.08,1975,400904.53,125.32
"E09000018","Hounslow",2018,43.96,47.88,533.6,54.5,1354,81.84,2119.5,2050,396697.43,124.35
"E09000018","Hounslow",2019,43.91,47.48,547.6,55.2,1415,82.01,2228,2070,401792.4,123.32
"E09000018","Hounslow",2020,43.8,47.1,511.8,52.2,1035,81.47,1982.25,1530,412815.97,122.25
"E09000018","Hounslow",2021,43.64,46.75,567.2,56.8,1180,81.18,1927.25,2205,420711.83,125.61
"E09000018","Hounslow",2022,43.48,46.43,595.1,57.26,1287,81.23,2013.56,2305,446456.33,127.53
"E09000018","Hounslow",2023,43.32,46.13,605.42,59.65,1313,80.84,1996.28,2335,455147.92,132.72
"E09000018","Hounslow",2024,43.16,45.85,615.75,61.14,1272,80.69,1979.01,2385,455128.38,136.73
"E09000018","Hounslow",2025,43.01,45.6,626.07,63.05,1272,80.55,1961.74,2345,468307.25,140.2
"E09000018","Hounslow",2026,42.85,45.36,636.4,64.76,1272,80.4,1944.47,2345,481486.12,143.43
"E09000018","Hounslow",2027,42.69,45.14,646.72,66.57,1272,80.25,1927.2,2345,494664.99,146.54
"E09000018","Hounslow",2028,42.53,44.93,657.05,68.33,1272,80.11,1909.93,2345,507843.86,149.61
"E09000018","Hounslow",2029,42.37,44.74,667.37,70.12,1272,79.96,1892.66,2345,521022.73,152.65
"E09000018","Hounslow",2030,42.21,44.55,677.7,71.89,1272,79.81,1875.39,2345,534201.6,155.68
"E09000018","Hounslow",2031,42.05,44.38,688.02,73.67,1272,79.67,1858.11,2345,547380.47,158.7
"E09000019","Islington",2001,42.6,75.42,NA,NA,373,NA,3134.25,NA,219818.4,59.16
"E09000019","Islington",2002,42.65,75.14,465,NA,373,NA,3285.42,NA,247761.22,61.98
"E09000019","Islington",2003,43.83,75.06,472,NA,367,76.41,3401.33,1935,262085.29,65.36
"E09000019","Islington",2004,44.31,74.99,499,40,344,76.69,3163,1850,285947.16,67.81
"E09000019","Islington",2005,44.87,75.09,532.5,40,335,77.21,3087.5,1910,295082.03,71.52
"E09000019","Islington",2006,45.6,75.18,503.7,45.8,336,77.5,2937.33,1850,319644.79,75.49
"E09000019","Islington",2007,46.55,75.32,517.5,44.8,331,78.04,2519,1855,385665.58,80.2
"E09000019","Islington",2008,46.83,72.81,566.7,46.8,322,78.16,2448.58,2080,386792.37,84.47
"E09000019","Islington",2009,47.09,72.76,588.2,51.5,312,78.6,2369.33,2200,345284.44,90.29
"E09000019","Islington",2010,47.64,72.76,599,56.1,304,79.1,2253.89,2170,398055.2,96.82
"E09000019","Islington",2011,48.06,68.21,598.5,58.7,301,79.66,2213.92,2030,424103.79,98.9
"E09000019","Islington",2012,48.02,68.08,605.1,57.5,291,80.24,2260.25,2185,442090.23,105.8
"E09000019","Islington",2013,47.7,67.95,606,58.1,285,80.45,2000.08,2245,495766.17,113.54
"E09000019","Islington",2014,47.6,67.86,613.5,58.9,289,80.78,2078.25,2445,585171.31,118.8
"E09000019","Islington",2015,47.49,67.74,603.7,62.7,287,80.61,2287.58,1960,643147.91,124.59
"E09000019","Islington",2016,46.7,67.63,613.3,58.1,286,81,2295.42,2625,642137.16,127.4
"E09000019","Islington",2017,45.21,67.56,646.1,61.7,282,80.84,2665.67,2660,650114.63,126.78
"E09000019","Islington",2018,43.95,67.5,687.7,67.1,274,80.89,2358.75,2800,649532.95,124.99
"E09000019","Islington",2019,42.63,67.44,699.1,61.7,276,80.87,2487.75,2975,633485.72,124.74
"E09000019","Islington",2020,41.81,67.37,690.1,61,217,80.6,2063.08,2490,661212.73,125.63
"E09000019","Islington",2021,41.45,67.31,670.7,67.5,244,80.4,2027.75,3210,679191.58,128.61
"E09000019","Islington",2022,41.5,67.24,700.8,69.12,250,80.28,2233.22,3450,692641.5,128.5
"E09000019","Islington",2023,41.92,67.18,712.59,70.74,251,80.1,2190.32,3395,692767.08,136.13
"E09000019","Islington",2024,42.59,67.13,724.38,72.35,240,79.97,2147.41,3540,691965.5,141.46
"E09000019","Islington",2025,43.42,67.07,736.17,73.97,235,79.8,2104.51,3546,706992.42,145.76
"E09000019","Islington",2026,44.29,67.01,747.96,75.59,230,79.66,2061.6,3610,727055.21,149.59
"E09000019","Islington",2027,45.11,66.95,759.75,77.21,226,79.5,2018.69,3647,747118,153.2
"E09000019","Islington",2028,45.8,66.89,771.54,78.82,221,79.35,1975.79,3697,767180.79,156.72
"E09000019","Islington",2029,46.31,66.84,783.33,80.44,216,79.19,1932.88,3740,787243.58,160.2
"E09000019","Islington",2030,46.62,66.79,795.12,82.06,211,79.04,1889.98,3787,807306.38,163.65
"E09000019","Islington",2031,46.72,66.74,806.91,83.68,206,78.89,1847.07,3832,827369.17,167.1
"E09000020","Kensington and Chelsea",2001,42.75,78.64,NA,NA,458,NA,2467.08,NA,420129.47,55.97
"E09000020","Kensington and Chelsea",2002,43.33,78.23,601.5,NA,457,NA,2660.08,NA,460382.45,58.33
"E09000020","Kensington and Chelsea",2003,43.4,77.75,612.7,NA,436,81.67,2489.42,2630,460490.62,61.35
"E09000020","Kensington and Chelsea",2004,43.22,77.3,691.6,38.9,428,82.34,2234.33,2640,512186.67,64.86
"E09000020","Kensington and Chelsea",2005,42.98,77.06,733,49.7,423,82.71,2060.92,2635,520206.22,70.03
"E09000020","Kensington and Chelsea",2006,44.12,76.91,670.9,45,429,83.37,2027.33,2650,598007.52,74.42
"E09000020","Kensington and Chelsea",2007,44.87,76.58,689.9,49.5,405,83.5,1957.08,2655,746679.16,79.22
"E09000020","Kensington and Chelsea",2008,45.35,74.4,774.7,54,394,83.77,1831.58,2695,784834.66,83.32
"E09000020","Kensington and Chelsea",2009,45.92,74.19,805.2,58.2,393,83.62,1740.25,2705,705187.53,88.9
"E09000020","Kensington and Chelsea",2010,46.59,74.5,791.5,55.7,392,83.7,1721.22,2685,837314.95,96.03
"E09000020","Kensington and Chelsea",2011,46.78,70.63,793.9,59.6,392,83.62,1652.25,2730,908565.09,97.23
"E09000020","Kensington and Chelsea",2012,46.83,70.37,655,62,367,83.58,1724.42,2790,1009044.95,105.57
"E09000020","Kensington and Chelsea",2013,46.79,70.17,726.7,60.7,362,83.88,1493.08,2825,1126572.7,111.88
"E09000020","Kensington and Chelsea",2014,46.73,70,641.3,62.2,374,84.16,1500.17,2875,1288405.67,118.05
"E09000020","Kensington and Chelsea",2015,46.73,69.85,632.4,65.3,371,84.36,1608.58,1910,1302102.72,123.35
"E09000020","Kensington and Chelsea",2016,46,69.77,651.6,62.4,370,84.29,1657.58,2995,1276235.1,126.69
"E09000020","Kensington and Chelsea",2017,45.46,69.68,784.4,64.2,362,83.67,1743.25,3035,1344539.73,125.92
"E09000020","Kensington and Chelsea",2018,44.84,69.61,670.6,62,376,83.78,1769.75,2995,1363802.16,126.92
"E09000020","Kensington and Chelsea",2019,44.45,69.55,763.7,65.5,383,83.78,2032.33,2990,1235956.63,126.37
"E09000020","Kensington and Chelsea",2020,43.94,69.49,802,67.2,300,84.04,1455.67,1960,1320567.76,125.09
"E09000020","Kensington and Chelsea",2021,43.43,69.45,763.6,63.8,326,83.6,1510.25,3040,1343814.58,128.78
"E09000020","Kensington and Chelsea",2022,42.92,69.41,712.7,68.25,340,83.5,1722.78,3050,1447111,130.47
"E09000020","Kensington and Chelsea",2023,42.41,69.38,710.64,67.59,342,83.39,1687.34,2960,1360804.25,136.84
"E09000020","Kensington and Chelsea",2024,41.9,69.36,709.76,70.26,327,83.28,1651.89,2960,1239696.5,141.49
"E09000020","Kensington and Chelsea",2025,41.39,69.34,709.39,70.76,322,83.17,1616.45,2745,1275794.4,145.45
"E09000020","Kensington and Chelsea",2026,40.88,69.32,709.23,72.67,317,83.06,1581.01,2745,1311892.31,149.14
"E09000020","Kensington and Chelsea",2027,40.37,69.3,709.16,73.67,313,82.95,1545.56,2745,1347990.21,152.7
"E09000020","Kensington and Chelsea",2028,39.86,69.29,709.13,75.26,308,82.84,1510.12,2745,1384088.12,156.23
"E09000020","Kensington and Chelsea",2029,39.35,69.28,709.12,76.46,303,82.74,1474.68,2745,1420186.02,159.73
"E09000020","Kensington and Chelsea",2030,38.84,69.27,709.11,77.92,298,82.63,1439.24,2745,1456283.93,163.23
"E09000020","Kensington and Chelsea",2031,38.33,69.25,709.11,79.21,294,82.52,1403.79,2745,1492381.83,166.72
"E09000021","Kingston upon Thames",2001,43.91,84.36,NA,NA,869,NA,1150.92,NA,178822.59,62.83
"E09000021","Kingston upon Thames",2002,43.44,83.4,435.7,NA,867,NA,1194.17,NA,203104.9,66.51
"E09000021","Kingston upon Thames",2003,42.98,82.58,441.5,NA,865,79.49,1359.08,1215,228280.49,68.35
"E09000021","Kingston upon Thames",2004,42.81,81.82,460.7,41.7,868,79.91,1307.5,1180,246424.13,71.5
"E09000021","Kingston upon Thames",2005,42.98,81.1,479,39.2,868,80.34,1261.75,1205,251156.25,80.29
"E09000021","Kingston upon Thames",2006,42.88,80.48,499.8,42.4,835,80.79,1092.08,1200,264667.04,83.79
"E09000021","Kingston upon Thames",2007,42.71,79.72,527.4,48,856,81.04,1023,1200,306229.42,87.53
"E09000021","Kingston upon Thames",2008,43.22,80.98,516.7,51.1,844,81.42,941.33,1310,310396.41,92.02
"E09000021","Kingston upon Thames",2009,44.18,80.74,566.2,45.6,861,81.85,917.67,1310,266774.22,97.37
"E09000021","Kingston upon Thames",2010,44.68,80.21,544.4,51.7,903,82.3,921.11,1270,304310.16,103.39
"E09000021","Kingston upon Thames",2011,45.13,74.5,579.8,45.8,828,82.58,899.5,1265,312073.91,104.89
"E09000021","Kingston upon Thames",2012,45.69,73.27,601.1,49.8,817,82.86,862.75,1305,324577.53,111.13
"E09000021","Kingston upon Thames",2013,46.32,72.25,604.2,54.2,814,82.72,773.17,1310,345739.15,118.99
"E09000021","Kingston upon Thames",2014,46.36,71.26,556.5,57.9,808,83.02,784.92,1340,406106.38,124.45
"E09000021","Kingston upon Thames",2015,46.54,70.31,574.6,53.6,803,82.81,829.83,885,438002.5,129.32
"E09000021","Kingston upon Thames",2016,46.64,69.46,566.7,53.7,809,83.02,851.83,1390,483333.45,132.81
"E09000021","Kingston upon Thames",2017,46.59,68.67,579.9,56.4,798,82.81,945,1395,492318.56,131.2
"E09000021","Kingston upon Thames",2018,46.32,67.94,629.7,60.1,794,82.86,993,1535,497031.33,130.61
"E09000021","Kingston upon Thames",2019,45.83,67.27,628,59.3,817,83.03,1048.25,1695,486646.52,127.33
"E09000021","Kingston upon Thames",2020,45.34,66.65,617.3,61.2,641,82.96,888.25,1200,490709.37,127
"E09000021","Kingston upon Thames",2021,44.97,66.06,667.9,65.2,744,82.9,915.17,1980,510018,130.28
"E09000021","Kingston upon Thames",2022,44.69,65.52,666.4,65.2,754,82.88,951.89,1770,551979.75,132.33
"E09000021","Kingston upon Thames",2023,44.48,65.02,678.41,65.2,768,82.83,942.41,1895,554644.75,137.79
"E09000021","Kingston upon Thames",2024,44.33,64.55,689.98,65.2,755,82.8,932.93,1840,539472.25,142.09
"E09000021","Kingston upon Thames",2025,44.21,64.12,701.55,65.2,755,82.76,923.46,1863,555218.22,145.87
"E09000021","Kingston upon Thames",2026,44.12,63.71,713.13,65.2,755,82.73,913.98,1826,570964.2,149.42
"E09000021","Kingston upon Thames",2027,44.05,63.34,724.7,65.2,755,82.69,904.5,1849,586710.17,152.87
"E09000021","Kingston upon Thames",2028,44,62.99,736.27,65.2,755,82.65,895.02,1835,602456.15,156.27
"E09000021","Kingston upon Thames",2029,43.96,62.66,747.85,65.2,755,82.61,885.55,1844,618202.12,159.66
"E09000021","Kingston upon Thames",2030,43.94,62.35,759.42,65.2,755,82.58,876.07,1838,633948.1,163.03
"E09000021","Kingston upon Thames",2031,43.91,62.06,771,65.2,755,82.54,866.59,1842,649694.07,166.41
"E09000022","Lambeth",2001,47.11,62.86,NA,NA,733,NA,4757.67,NA,164684.74,58.22
"E09000022","Lambeth",2002,45.68,63.54,404.3,NA,723,NA,4515.67,NA,190451.03,61.14
"E09000022","Lambeth",2003,44.22,64.16,425.5,NA,689,76.64,4161.42,1735,203377.22,63.51
"E09000022","Lambeth",2004,42.91,64.88,446.7,40.7,663,77,3815.33,1690,221888.93,65.58
"E09000022","Lambeth",2005,42.46,65.78,460.3,39.8,644,77.34,3497.33,1660,228852.89,69.61
"E09000022","Lambeth",2006,42.22,66.56,455.6,40.5,642,77.61,3239,1635,250142.55,72.72
"E09000022","Lambeth",2007,42.3,67.3,490.7,45.6,640,78.17,2987.92,1690,298235.19,75.6
"E09000022","Lambeth",2008,42.61,66.97,494.5,42.6,620,78.34,2932.17,1895,295475.91,80.54
"E09000022","Lambeth",2009,42.47,67.51,522.4,50,598,78.66,2954.83,1880,267337.26,84.61
"E09000022","Lambeth",2010,42.13,67.83,574.9,53.9,578,78.96,2886.33,1875,297167.85,91.11
"E09000022","Lambeth",2011,43.09,57.14,536.7,59,573,79.75,2962.92,1855,304029.86,93.04
"E09000022","Lambeth",2012,44.1,57.54,574.8,54.8,556,80.42,2890.92,1950,327465.93,99.16
"E09000022","Lambeth",2013,44.89,57.75,536.6,62,544,80.69,2693.75,1975,362965.72,106.77
"E09000022","Lambeth",2014,45.57,57.96,547,62,552,80.76,2696.17,2105,433624.91,111.51
"E09000022","Lambeth",2015,46.21,58.21,542.9,65,549,80.62,2832.67,1640,471614.02,116.9
"E09000022","Lambeth",2016,47.04,58.37,551.7,64.4,555,80.69,2915.83,2230,514562.33,119.46
"E09000022","Lambeth",2017,47.59,58.51,594.6,67.2,558,80.84,2864.08,2285,518503.54,118.65
"E09000022","Lambeth",2018,47.67,58.64,617.1,61.7,541,81.16,2871.5,2320,511582.15,117.78
"E09000022","Lambeth",2019,47.68,58.74,634.8,63.8,550,81.44,2942,2400,507846.75,117.27
"E09000022","Lambeth",2020,47.66,58.83,670.8,69.1,439,80.85,2502.67,1845,526815.71,116.47
"E09000022","Lambeth",2021,47.64,58.91,681.2,75.7,501,80.69,2602.08,2585,534421.67,119.78
"E09000022","Lambeth",2022,47.62,58.98,700.4,77.76,515,80.4,2741.89,2705,543703.67,121.57
"E09000022","Lambeth",2023,47.6,59.04,713.29,79.82,520,80.11,2757.82,2640,539585.83,126.98
"E09000022","Lambeth",2024,47.58,59.09,728.62,81.88,504,79.82,2773.76,2550,523903.62,131.25
"E09000022","Lambeth",2025,47.56,59.14,743.01,83.94,496,79.53,2789.69,2564,528391.14,134.95
"E09000022","Lambeth",2026,47.54,59.18,757.76,85.99,488,79.24,2805.63,2564,539779.18,138.35
"E09000022","Lambeth",2027,47.52,59.22,772.37,88.05,480,78.95,2821.56,2564,553528.06,141.61
"E09000022","Lambeth",2028,47.5,59.26,787.04,90.11,473,78.66,2837.5,2564,568084.63,144.79
"E09000022","Lambeth",2029,47.48,59.31,801.68,92.17,465,78.37,2853.43,2564,582917.54,147.94
"E09000022","Lambeth",2030,47.46,59.36,816.34,94.23,457,78.08,2869.37,2564,597844.98,151.06
"E09000022","Lambeth",2031,47.44,59.4,830.99,96.29,449,77.79,2885.3,2564,612804.77,154.18
"E09000023","Lewisham",2001,47.66,65.93,NA,NA,715,NA,2417.33,NA,121333.17,59.33
"E09000023","Lewisham",2002,47.49,65.79,394.9,NA,713,NA,2396.92,NA,143764.03,61.78
"E09000023","Lewisham",2003,46.79,65.63,429.6,NA,699,76.79,2631.42,1335,170885.74,63.41
"E09000023","Lewisham",2004,45.99,65.38,425.1,33.5,671,77.37,2902.75,1310,184058.52,67.52
"E09000023","Lewisham",2005,45.11,65.31,431.8,30.8,658,77.51,2782.25,1310,190867.85,71.41
"E09000023","Lewisham",2006,44.3,65.15,431.4,29.9,654,78.11,2679.17,1315,202362.1,74.86
"E09000023","Lewisham",2007,43.73,65.11,436.4,33.4,649,78.49,2587.92,1305,229655.33,78.59
"E09000023","Lewisham",2008,43.42,66.07,446.4,38.6,636,78.69,2629.42,1475,231283.65,79.54
"E09000023","Lewisham",2009,43.24,66.18,486.9,40.9,623,78.96,2462.75,1485,211307.59,82.6
"E09000023","Lewisham",2010,43.22,66.43,492.7,44.9,606,79.22,2320.67,1435,225582.3,87.76
"E09000023","Lewisham",2011,43.46,53.52,473.2,49,610,79.85,2250.92,1350,228017.41,87.92
"E09000023","Lewisham",2012,43.12,53.15,499.6,55.3,597,80.25,2057.92,1465,240571.97,92.75
"E09000023","Lewisham",2013,42.54,52.82,525.5,53.4,583,80.64,1867.33,1455,260815.07,100.63
"E09000023","Lewisham",2014,43.38,52.56,518.5,54.4,589,80.96,1794.33,1530,315812.59,103.94
"E09000023","Lewisham",2015,44.35,52.32,517.5,53.3,591,80.85,1996.92,1255,355049.95,109.18
"E09000023","Lewisham",2016,45.12,52.1,520.6,51.1,598,81.06,2047.17,1680,402648.69,111.79
"E09000023","Lewisham",2017,45.73,51.86,535.2,54,596,81.18,2065.08,1710,411049.02,110.48
"E09000023","Lewisham",2018,46.22,51.64,551.2,58.7,575,81.32,2144.17,1740,411530.11,109.91
"E09000023","Lewisham",2019,46.94,51.44,552,60.2,588,81.25,2397,1785,408627.27,109.47
"E09000023","Lewisham",2020,47.4,51.26,574.9,70.4,469,80.68,2244,1385,422310.56,107.96
"E09000023","Lewisham",2021,47.57,51.1,574.9,66,533,80.28,2204.92,1920,429701.92,110.96
"E09000023","Lewisham",2022,47.48,50.94,606.3,67.91,529,80.24,2309.44,1995,442748.75,112.71
"E09000023","Lewisham",2023,47.2,50.8,616.87,69.82,532,80.05,2343.08,1960,444380.42,117.5
"E09000023","Lewisham",2024,46.79,50.67,627.44,71.74,522,79.87,2376.72,1970,443831.62,120.85
"E09000023","Lewisham",2025,46.32,50.55,638.01,73.65,518,79.68,2410.36,1989,450506.58,123.75
"E09000023","Lewisham",2026,45.85,50.44,648.58,75.56,512,79.49,2444,2012,460430.05,126.51
"E09000023","Lewisham",2027,45.43,50.34,659.15,77.47,506,79.3,2477.63,2034,471814.36,129.22
"E09000023","Lewisham",2028,45.08,50.25,669.72,79.38,500,79.12,2511.27,2056,483855.62,131.92
"E09000023","Lewisham",2029,44.84,50.16,680.29,81.29,494,78.93,2544.91,2078,496192.3,134.61
"E09000023","Lewisham",2030,44.71,50.08,690.86,83.21,489,78.74,2578.55,2101,508661.83,137.31
"E09000023","Lewisham",2031,44.67,50,701.43,85.12,483,78.56,2612.18,2123,521191.11,140
"E09000024","Merton",2001,45.69,75.05,NA,NA,583,NA,1478.92,NA,167046.24,66.78
"E09000024","Merton",2002,46.5,74.49,436.3,NA,579,NA,1490,NA,195714.69,68.7
"E09000024","Merton",2003,46.7,74.06,439.4,NA,562,79.34,1561.5,1080,220394.19,70.44
"E09000024","Merton",2004,46.75,73.83,442.5,36.3,565,79.78,1440.08,1060,238098.81,72.94
"E09000024","Merton",2005,46.77,73.48,493.9,41.7,565,80,1441.58,1110,246252.81,76.79
"E09000024","Merton",2006,46.95,73.05,474.4,39.1,569,80.66,1339.83,1105,257060.71,81.28
"E09000024","Merton",2007,46.71,72.79,511.3,43.5,566,80.92,1252.08,1130,297858.44,84.42
"E09000024","Merton",2008,46.23,73.18,526,37.8,564,81.12,1262.17,1240,300674.5,88.05
"E09000024","Merton",2009,45.56,73.05,529.7,41.2,560,81.38,1236.67,1260,271598.19,92.95
"E09000024","Merton",2010,44.96,73,531.5,49.6,550,81.74,1174.89,1245,299999.36,86.75
"E09000024","Merton",2011,43.99,64.89,536.9,48.7,538,81.98,1169.08,1255,306063.02,92.61
"E09000024","Merton",2012,42.98,64.59,538.4,48,533,82.04,1115.75,1275,316742.77,97.1
"E09000024","Merton",2013,42.92,64.33,527,52.9,529,82.03,978.92,1270,344544.43,105.01
"E09000024","Merton",2014,43.38,64.05,542.9,54.1,525,82.23,977.42,1315,419976.83,109.76
"E09000024","Merton",2015,43.58,63.78,548.1,58,520,82.4,1043.08,1035,457702.11,113.38
"E09000024","Merton",2016,43.21,63.54,585.3,60.5,515,82.55,1085.58,1450,500267.42,116.11
"E09000024","Merton",2017,43.38,63.37,573,56.8,509,82.64,1141.42,1445,512185.81,115.12
"E09000024","Merton",2018,43.16,63.21,594.1,53.2,516,82.76,1149.33,1530,512712.91,113.69
"E09000024","Merton",2019,43.48,63.06,578.9,60,528,82.9,1202.58,1555,504816.91,113.27
"E09000024","Merton",2020,44.01,62.92,578.3,59.8,415,82.33,1111.08,1100,524124.83,114.3
"E09000024","Merton",2021,44.36,62.8,592.1,67.1,476,82.04,1071.92,1630,541076.58,117.14
"E09000024","Merton",2022,44.58,62.68,579.2,68.91,490,82.05,1160.22,1685,562446.83,118.85
"E09000024","Merton",2023,44.73,62.58,596.86,70.72,497,81.93,1157.29,1625,566185.92,122.05
"E09000024","Merton",2024,44.82,62.48,599.43,72.54,489,81.81,1154.36,1695,561067.12,124.53
"E09000024","Merton",2025,44.88,62.39,609.44,74.35,489,81.69,1151.43,1663,577638.37,127.02
"E09000024","Merton",2026,44.93,62.31,615.79,76.16,489,81.58,1148.5,1661,594209.63,129.5
"E09000024","Merton",2027,44.95,62.23,623.94,77.97,489,81.46,1145.57,1694,610780.88,131.98
"E09000024","Merton",2028,44.97,62.16,631.2,79.78,489,81.34,1142.64,1705,627352.14,134.47
"E09000024","Merton",2029,44.98,62.08,638.91,81.59,489,81.22,1139.71,1715,643923.39,136.95
"E09000024","Merton",2030,44.99,62,646.39,83.41,489,81.1,1136.78,1736,660494.64,139.43
"E09000024","Merton",2031,44.99,61.93,653.98,85.22,489,80.98,1133.85,1749,677065.9,141.91
"E09000025","Newham",2001,43.97,39.4,NA,NA,715,NA,3384.67,NA,108763.06,64.35
"E09000025","Newham",2002,44.53,39.33,338.2,NA,712,NA,3429.75,NA,137455.64,67.39
"E09000025","Newham",2003,45.18,39.17,343.4,NA,706,76.25,3384.58,1360,168437.52,68.28
"E09000025","Newham",2004,45.79,39.17,371,17,709,76.53,3038.33,1350,185680.34,71.37
"E09000025","Newham",2005,46.41,39.19,383.2,21.5,727,76.76,3251.67,1375,193555.23,76.42
"E09000025","Newham",2006,46.95,39.21,390.9,24.4,743,77.03,2966.42,1415,203284.84,79.78
"E09000025","Newham",2007,47.34,39,390.8,23.9,753,77.54,2954,1385,226388.61,82.39
"E09000025","Newham",2008,47.64,43.95,403,24.3,749,77.94,2793.25,1510,221768.4,86.72
"E09000025","Newham",2009,47.76,44.63,421.6,24,780,78.44,2854.92,1540,188217.28,90.83
"E09000025","Newham",2010,47.59,42.88,422.4,27.9,758,78.85,2837.78,1485,204466.99,95.83
"E09000025","Newham",2011,47.48,28.95,382.5,39.2,722,79.65,2574.58,1500,207663.62,96.79
"E09000025","Newham",2012,47.12,28.35,369.8,38.8,696,80.03,2654.42,1675,212824.71,104.34
"E09000025","Newham",2013,46.29,27.87,387.6,38.9,653,80.26,2341.83,1865,222784.25,110
"E09000025","Newham",2014,44.77,27.49,393.7,36.7,694,80.46,2369.5,2010,258312.26,128.89
"E09000025","Newham",2015,43.54,27.24,421.6,43.3,704,80.37,2493.25,1565,297558.14,134.52
"E09000025","Newham",2016,43.06,26.95,436.7,48,707,80.62,2563.5,2225,347956.89,141.18
"E09000025","Newham",2017,43.01,26.6,471.3,41.5,729,80.54,2822.92,2275,362131.54,139.87
"E09000025","Newham",2018,43.07,26.27,475.9,48.8,731,80.81,2940,2335,359175.82,119.38
"E09000025","Newham",2019,42.86,25.95,517.5,44,726,80.82,2952.92,2610,363956.09,118.63
"E09000025","Newham",2020,42.54,25.65,534.4,59.7,604,79.84,2668.5,1985,373780.22,121.7
"E09000025","Newham",2021,42.25,25.37,574.9,57.6,628,79.06,2683,2975,386056.33,121.12
"E09000025","Newham",2022,41.96,25.11,578.3,62.24,661,79.03,2855.89,3410,401905,122.52
"E09000025","Newham",2023,41.66,24.86,590.31,63.6,674,79,2841.41,3195,403743.83,128.16
"E09000025","Newham",2024,41.37,24.63,602.31,66.56,684,78.97,2826.92,3140,405903,131.04
"E09000025","Newham",2025,41.08,24.41,614.32,68.74,690,78.94,2812.44,3289,415793.51,133.93
"E09000025","Newham",2026,40.79,24.21,626.32,71.3,695,78.91,2797.95,3382,427714.05,136.81
"E09000025","Newham",2027,40.5,24.02,638.33,73.68,698,78.88,2783.47,3475,439634.59,139.69
"E09000025","Newham",2028,40.21,23.84,650.33,76.14,700,78.85,2768.99,3570,451555.13,142.58
"E09000025","Newham",2029,39.91,23.68,662.34,78.56,701,78.82,2754.5,3663,463475.67,145.46
"E09000025","Newham",2030,39.62,23.52,674.34,81.01,702,78.79,2740.02,3756,475396.21,148.34
"E09000025","Newham",2031,39.33,23.38,686.35,83.44,702,78.76,2725.54,3850,487316.75,151.22
"E09000026","Redbridge",2001,42.88,63.32,NA,NA,875,NA,2333.42,NA,141587.53,67.29
"E09000026","Redbridge",2002,43.57,62.31,402.5,NA,867,NA,2394.75,NA,169368.11,71.25
"E09000026","Redbridge",2003,44.5,61.34,433.9,NA,852,78.97,2369.83,1390,203571.97,73.99
"E09000026","Redbridge",2004,45.19,60.35,439.8,26.8,858,79.26,2181.08,1400,222917.56,74.72
"E09000026","Redbridge",2005,45.4,59.48,432.7,32.1,903,79.51,2056.58,1415,226468.9,81.56
"E09000026","Redbridge",2006,45.78,58.59,466.2,33.4,911,79.94,2053.83,1400,239729.77,83.73
"E09000026","Redbridge",2007,46.38,57.56,480.1,35.5,908,80.27,1878.67,1395,266937.79,87.44
"E09000026","Redbridge",2008,46.82,60.35,526.9,35.4,890,80.6,2034.17,1520,264429.46,91.6
"E09000026","Redbridge",2009,46.81,60.16,518.5,32.5,898,80.92,2002.83,1565,232764.08,98.62
"E09000026","Redbridge",2010,46.9,58.28,506.1,34.7,909,81.09,1905.78,1525,252334.42,103.02
"E09000026","Redbridge",2011,46.92,42.49,479.5,37.4,959,81.6,1985.5,1540,261965.54,103.37
"E09000026","Redbridge",2012,46.8,41.22,526.7,43.3,935,81.96,1857.33,1620,265912.05,108.14
"E09000026","Redbridge",2013,46.5,40.07,503.9,49.3,934,82.29,1673.25,1660,274824.94,114.62
"E09000026","Redbridge",2014,46.25,38.95,517.6,45.1,948,82.56,1658.83,1755,304162.47,124.95
"E09000026","Redbridge",2015,45.69,37.9,533.1,44.7,934,82.33,1611.08,1480,343795.29,129.59
"E09000026","Redbridge",2016,45.12,36.9,521.8,48.6,938,82.54,1670.17,1820,391837.31,132.16
"E09000026","Redbridge",2017,44.36,36.07,546.8,47.4,942,82.53,1927.67,1920,410300.16,131.33
"E09000026","Redbridge",2018,44.11,35.3,555.8,46.2,955,82.92,1933.08,1960,422497.29,124.73
"E09000026","Redbridge",2019,44.28,34.59,565.6,45.6,952,83.13,1988,2000,411324.37,124.38
"E09000026","Redbridge",2020,44.21,33.94,581.6,53,799,82.27,1891.17,1835,422986.82,122.43
"E09000026","Redbridge",2021,44.21,33.34,579.3,51.8,866,81.65,1990.92,2405,452136.08,125.25
"E09000026","Redbridge",2022,44.27,32.79,581.9,53.27,920,81.25,1993.33,2425,476158.33,126.82
"E09000026","Redbridge",2023,44.37,32.28,594.8,54.74,895,80.81,1995.75,2425,473185.75,131.96
"E09000026","Redbridge",2024,44.5,31.81,603.51,56.21,895,80.37,1998.17,2455,473010.5,135.84
"E09000026","Redbridge",2025,44.64,31.38,612.21,57.68,895,79.92,2000.59,2549,484271.91,139.21
"E09000026","Redbridge",2026,44.79,30.98,620.91,59.15,895,79.48,2003.01,2604,497892.63,142.37
"E09000026","Redbridge",2027,44.92,30.61,629.61,60.62,895,79.04,2005.43,2658,511513.35,145.44
"E09000026","Redbridge",2028,45.03,30.27,638.32,62.09,895,78.6,2007.85,2712,525134.06,148.48
"E09000026","Redbridge",2029,45.11,29.95,647.02,63.56,895,78.16,2010.27,2766,538754.78,151.51
"E09000026","Redbridge",2030,45.17,29.65,655.72,65.04,895,77.71,2012.68,2821,552375.5,154.52
"E09000026","Redbridge",2031,45.2,29.38,664.43,66.51,895,77.27,2015.1,2875,565996.21,157.54
"E09000027","Richmond upon Thames",2001,43.61,90.88,NA,NA,778,NA,1338.08,NA,241333.29,64.44
"E09000027","Richmond upon Thames",2002,43.65,90.42,564.9,NA,785,NA,1401.17,NA,271689.37,64.82
"E09000027","Richmond upon Thames",2003,43.69,89.95,567.8,NA,773,80.32,1287.17,1515,294167.99,67.93
"E09000027","Richmond upon Thames",2004,43.37,89.41,595.6,43.6,772,80.53,1276.67,1510,316540.91,69.73
"E09000027","Richmond upon Thames",2005,43.89,88.88,584.7,47.6,762,80.96,1240.92,1530,323618.99,73.38
"E09000027","Richmond upon Thames",2006,44.82,88.41,583,52.4,755,81.24,1117.33,1535,348496.76,76.9
"E09000027","Richmond upon Thames",2007,45.72,87.84,578.2,55.8,753,81.78,1006.08,1525,410382.62,80.44
"E09000027","Richmond upon Thames",2008,45.9,85.11,642.5,56.3,744,82.12,990.42,1635,409389.02,84.56
"E09000027","Richmond upon Thames",2009,46.33,84.65,617.7,53.2,737,82.86,960.75,1695,369390.08,89.07
"E09000027","Richmond upon Thames",2010,46.9,83.92,668.7,54.3,713,83.11,927.56,1685,420083.66,95.12
"E09000027","Richmond upon Thames",2011,46.94,85.96,665,55.2,703,83.44,957.92,1605,434537.17,96.24
"E09000027","Richmond upon Thames",2012,46.65,85.59,670.8,62,716,83.51,966.5,1650,454941.84,104.77
"E09000027","Richmond upon Thames",2013,46.78,85.28,670.5,65.9,709,83.62,876.67,1640,492115.7,108.68
"E09000027","Richmond upon Thames",2014,46.67,85.01,654.2,67,707,83.86,884.17,1695,577055.32,114.08
"E09000027","Richmond upon Thames",2015,46.16,84.76,648,69.6,703,83.65,886.33,1265,618778.07,119.1
"E09000027","Richmond upon Thames",2016,45.2,84.55,688.8,71.6,701,83.97,945.17,1745,653760.82,123.25
"E09000027","Richmond upon Thames",2017,44.54,84.33,665.9,64.9,702,83.84,1097.5,1765,665284.67,122.82
"E09000027","Richmond upon Thames",2018,44.21,84.14,677.6,67.9,685,84.27,1058.75,1760,652274.01,122.68
"E09000027","Richmond upon Thames",2019,43.93,83.96,721.1,65.4,704,84.18,1069.08,1805,648647.49,120.13
"E09000027","Richmond upon Thames",2020,43.87,83.8,702.9,66.2,550,84.04,1001.08,1315,681175.34,120.06
"E09000027","Richmond upon Thames",2021,43.96,83.66,704.5,70,623,84.03,915.08,1870,699811.75,123.56
"E09000027","Richmond upon Thames",2022,44.15,83.52,709.3,71.55,637,84.11,950.89,1920,745144.33,125.94
"E09000027","Richmond upon Thames",2023,44.38,83.4,717.88,73.11,648,84.12,940.07,1865,744662.92,131.36
"E09000027","Richmond upon Thames",2024,44.61,83.29,724.6,74.66,628,84.19,929.25,1870,724017.75,134.24
"E09000027","Richmond upon Thames",2025,44.82,83.19,732.24,76.21,623,84.21,918.43,1788,745194.49,137.13
"E09000027","Richmond upon Thames",2026,44.99,83.09,739.43,77.76,619,84.26,907.61,1788,766371.23,140.01
"E09000027","Richmond upon Thames",2027,45.1,82.99,746.84,79.32,614,84.3,896.79,1788,787547.97,142.9
"E09000027","Richmond upon Thames",2028,45.16,82.9,754.13,80.87,609,84.34,885.97,1788,808724.71,145.78
"E09000027","Richmond upon Thames",2029,45.18,82.81,761.49,82.42,604,84.38,875.15,1788,829901.45,148.67
"E09000027","Richmond upon Thames",2030,45.17,82.73,768.81,83.98,600,84.43,864.33,1788,851078.19,151.55
"E09000027","Richmond upon Thames",2031,45.13,82.65,776.15,85.53,595,84.46,853.51,1788,872254.93,154.44
"E09000028","Southwark",2001,43.16,63.25,NA,NA,693,NA,3808.92,NA,164486.25,59.68
"E09000028","Southwark",2002,43.16,63.56,397.6,NA,688,NA,3830,NA,184684.2,62.02
"E09000028","Southwark",2003,42.97,63.7,423.8,NA,655,76.94,3856.33,1800,199583.84,64.49
"E09000028","Southwark",2004,42.79,63.9,412.6,37.6,635,77.38,3647.58,1780,216903.92,67.75
"E09000028","Southwark",2005,42.63,64.29,430.4,41.3,624,77.88,3452.67,1825,224050.17,72.26
"E09000028","Southwark",2006,42.8,64.55,459.9,37.8,632,78.54,3309.42,1825,242759.77,76.66
"E09000028","Southwark",2007,42.05,64.76,487.8,42.6,623,78.73,3335.75,1890,289668.14,80.81
"E09000028","Southwark",2008,42.88,65.5,493.2,45.1,598,78.84,3272.17,2125,291213.36,85.01
"E09000028","Southwark",2009,43.72,65.93,526.7,44.6,589,79.14,3087.33,2130,261151.04,90.42
"E09000028","Southwark",2010,44.69,66.26,521.2,49,570,79.46,3012.11,2060,293912.93,97.01
"E09000028","Southwark",2011,45.21,54.25,530.5,53.4,565,79.98,2836.08,1980,312539.49,98.37
"E09000028","Southwark",2012,45.84,54.24,536.6,55.3,536,80.33,2667.42,2070,331124.25,103.93
"E09000028","Southwark",2013,46.51,54.27,524.4,55.7,523,80.85,2633.33,2115,360749.84,110.52
"E09000028","Southwark",2014,47.22,54.29,529,58.7,530,81.02,2452.33,2220,427767.41,116.32
"E09000028","Southwark",2015,47.3,54.33,557,56.9,537,80.94,2573.83,1775,467867.52,120.96
"E09000028","Southwark",2016,47.25,54.33,543,59.6,532,80.97,2698,2395,510331.26,123.58
"E09000028","Southwark",2017,47.06,54.37,587.1,63,524,81.09,2809.17,2710,515883.33,122.47
"E09000028","Southwark",2018,46.98,54.4,589.4,64.6,509,81.29,2943,2665,504224.98,122.33
"E09000028","Southwark",2019,46.68,54.42,628,62,521,81.45,3274.92,2810,498929.57,121.65
"E09000028","Southwark",2020,46.03,54.43,620.9,65.7,422,80.98,2618,2335,511817.32,120.51
"E09000028","Southwark",2021,45.67,54.44,637.8,57.1,483,80.74,2589.33,3385,487581.33,123.69
"E09000028","Southwark",2022,45.46,54.45,670.7,57.1,490,80.81,2814.33,3595,504366.83,125.52
"E09000028","Southwark",2023,45.35,54.45,674.91,57.1,494,80.88,2766.97,3130,497597.75,130.94
"E09000028","Southwark",2024,45.29,54.46,692.09,57.1,477,80.95,2719.61,3115,485006.75,135.37
"E09000028","Southwark",2025,45.25,54.47,703.41,57.1,470,81.02,2672.25,3097,490636.43,139.26
"E09000028","Southwark",2026,45.23,54.47,717.38,57.1,463,81.09,2624.89,3128,501983.74,142.84
"E09000028","Southwark",2027,45.22,54.47,730.15,57.1,457,81.16,2577.53,3160,515125.25,146.25
"E09000028","Southwark",2028,45.21,54.48,743.46,57.1,450,81.23,2530.17,3191,528829.77,149.57
"E09000028","Southwark",2029,45.21,54.5,756.53,57.1,443,81.3,2482.81,3222,542710.96,152.83
"E09000028","Southwark",2030,45.21,54.51,769.71,57.1,436,81.37,2435.45,3254,556647.6,156.07
"E09000028","Southwark",2031,45.21,54.51,782.84,57.1,429,81.44,2388.09,3285,570601.63,159.3
"E09000029","Sutton",2001,44.9,88.98,NA,NA,627,NA,1279.92,NA,137910.19,62.01
"E09000029","Sutton",2002,44.19,88.28,410.9,NA,635,NA,1248.92,NA,162526.66,65.1
"E09000029","Sutton",2003,43.7,87.49,421.7,NA,629,78.94,1346.17,1105,187815.76,67.17
"E09000029","Sutton",2004,43.65,86.86,426.5,25.1,621,79.62,1411.83,1090,201829.27,68.97
"E09000029","Sutton",2005,44.08,86.18,437,30,628,79.91,1339.75,1095,209547.13,75.63
"E09000029","Sutton",2006,43.58,85.53,460,32.9,619,80.51,1284,1060,215723.86,79.24
"E09000029","Sutton",2007,43.28,84.83,475.7,30.9,634,80.55,1111.67,1040,241438.01,82.46
"E09000029","Sutton",2008,43.29,83.75,505.3,27.9,604,80.71,1152.58,1175,242701.91,84.75
"E09000029","Sutton",2009,43.5,83.28,503.2,37.7,605,80.98,1086.08,1155,212117.75,92.03
"E09000029","Sutton",2010,43.6,82.71,495.3,36.2,582,81.29,1029.67,1100,233489.44,97.64
"E09000029","Sutton",2011,44.2,78.58,497.9,35.8,579,81.78,964.08,1060,233026.68,98.21
"E09000029","Sutton",2012,44.99,77.72,517.5,39.5,577,82.05,942.08,1095,238842.18,103.13
"E09000029","Sutton",2013,45.81,76.94,518,40.6,576,82.25,852,1110,252002.84,110.15
"E09000029","Sutton",2014,45.91,76.19,508.3,42.9,584,82,886.33,1130,291132.06,114.68
"E09000029","Sutton",2015,46,75.46,498.3,42.5,582,82.12,899.92,860,322932.14,118.96
"E09000029","Sutton",2016,46.55,74.82,532.9,44.3,587,82.03,912.33,1180,365303.13,119.89
"E09000029","Sutton",2017,46.69,74.22,515.2,51.4,582,82.47,998.42,1225,376924.58,119.7
"E09000029","Sutton",2018,46.47,73.67,548.7,48.4,568,82.15,1004.25,1225,379294.34,117.52
"E09000029","Sutton",2019,45.91,73.17,549,45.9,585,82.54,1150.67,1275,371597.26,117.09
"E09000029","Sutton",2020,45.97,72.7,543.3,55.2,480,82.03,1067.58,945,378749.2,115.73
"E09000029","Sutton",2021,46,72.26,576.9,53.4,546,81.97,1065.25,1310,403454.58,118.9
"E09000029","Sutton",2022,46.02,71.86,575.3,51.06,580,81.86,1126.67,1325,434296.67,120.72
"E09000029","Sutton",2023,46.03,71.48,584.32,57.87,582,81.79,1142.16,1320,434684.83,125.55
"E09000029","Sutton",2024,46.03,71.13,592.53,58.6,570,81.69,1157.64,1330,424627.25,129.23
"E09000029","Sutton",2025,46.03,70.8,600.73,56.43,570,81.61,1173.13,1272,436845.73,132.44
"E09000029","Sutton",2026,46.03,70.5,608.94,61.12,570,81.51,1188.62,1272,449064.21,135.46
"E09000029","Sutton",2027,46.03,70.21,617.15,63.22,570,81.43,1204.11,1272,461282.69,138.4
"E09000029","Sutton",2028,46.04,69.94,625.35,61.75,570,81.34,1219.6,1272,473501.17,141.32
"E09000029","Sutton",2029,46.04,69.68,633.56,64.86,570,81.25,1235.09,1272,485719.66,144.22
"E09000029","Sutton",2030,46.04,69.42,641.77,67.53,570,81.16,1250.58,1272,497938.14,147.11
"E09000029","Sutton",2031,46.04,69.19,649.97,66.9,570,81.08,1266.07,1272,510156.62,150.01
"E09000030","Tower Hamlets",2001,47.89,51.74,NA,NA,733,NA,3106.08,NA,162505.94,60.54
"E09000030","Tower Hamlets",2002,47.92,52.64,427.2,NA,741,NA,3427,NA,187288.51,63.61
"E09000030","Tower Hamlets",2003,47.55,52.87,450.4,NA,734,75.82,3265.67,1585,207901.58,66.82
"E09000030","Tower Hamlets",2004,46.78,53.29,481.6,27.4,720,76.43,3027.42,1500,219986.89,70.05
"E09000030","Tower Hamlets",2005,45.24,53.79,479.1,29.1,706,77.21,2813,1550,225629.02,74.03
"E09000030","Tower Hamlets",2006,43.66,54.27,472.5,27,729,77.49,2718.92,1570,243033.01,75.74
"E09000030","Tower Hamlets",2007,42.47,54.5,531.9,31.6,734,77.61,2574.33,1610,287172.87,78.09
"E09000030","Tower Hamlets",2008,42.38,56.32,548.1,35.9,712,77.55,2309.17,1825,298002.21,82.92
"E09000030","Tower Hamlets",2009,42.22,57.02,556.2,37.1,721,78.06,2249.17,1930,258248.29,87.43
"E09000030","Tower Hamlets",2010,42.05,57.7,547.1,39.7,735,78.53,2287.67,1925,282748.7,94.41
"E09000030","Tower Hamlets",2011,41.94,45.21,542.3,46.2,692,79.12,2318,1895,287262.48,96.78
"E09000030","Tower Hamlets",2012,41.83,45.15,566.8,49.4,655,79.32,2340,2110,285452.97,103.63
"E09000030","Tower Hamlets",2013,42.69,45.26,575.1,46.7,653,79.75,2227.08,2165,309051.04,111.11
"E09000030","Tower Hamlets",2014,43.41,45.49,574.9,44.3,633,79.74,2158.08,2300,382241.69,115.73
"E09000030","Tower Hamlets",2015,44.28,45.69,554.9,45.8,625,79.75,2329.42,1900,421943.84,122.78
"E09000030","Tower Hamlets",2016,45.36,45.77,557.9,52.5,635,79.62,2499.17,2575,457129.6,126.31
"E09000030","Tower Hamlets",2017,46.05,45.75,592,47.3,642,79.84,2588.17,2690,459279.06,125.85
"E09000030","Tower Hamlets",2018,46.68,45.73,627.6,54.7,640,79.93,2728.92,2835,446503.88,124.92
"E09000030","Tower Hamlets",2019,47.25,45.7,688.9,60.5,643,80.4,2843.33,2820,438641.66,124.19
"E09000030","Tower Hamlets",2020,47.9,45.67,665,59,525,79.75,2524.92,2240,466055.86,123.84
"E09000030","Tower Hamlets",2021,48.17,45.64,685.2,52,573,79.35,2630,3110,496187.25,126.71
"E09000030","Tower Hamlets",2022,48.09,45.6,718.7,52,586,79.1,2667.56,3270,496673.25,128.7
"E09000030","Tower Hamlets",2023,47.69,45.57,733.27,52,594,78.86,2683.58,3210,459990.83,134.37
"E09000030","Tower Hamlets",2024,47.05,45.53,747.85,52,594,78.62,2699.6,3265,452069.62,138.86
"E09000030","Tower Hamlets",2025,46.27,45.5,762.42,52,594,78.39,2715.63,3315,464193.13,142.74
"E09000030","Tower Hamlets",2026,45.45,45.46,777,52,594,78.15,2731.65,3349,477426.99,146.33
"E09000030","Tower Hamlets",2027,44.68,45.43,791.57,52,594,77.91,2747.67,3390,490660.85,149.76
"E09000030","Tower Hamlets",2028,44.03,45.4,806.15,52,594,77.67,2763.7,3428,503894.72,153.12
"E09000030","Tower Hamlets",2029,43.56,45.37,820.72,52,594,77.44,2779.72,3467,517128.58,156.44
"E09000030","Tower Hamlets",2030,43.3,45.34,835.3,52,594,77.2,2795.74,3505,530362.44,159.74
"E09000030","Tower Hamlets",2031,43.26,45.31,849.87,52,594,76.96,2811.77,3544,543596.31,163.03
"E09000031","Waltham Forest",2001,47.18,64.46,NA,NA,630,NA,2521.67,NA,118843.46,66.78
"E09000031","Waltham Forest",2002,47.31,64.07,403.8,NA,627,NA,2688.67,NA,148137.48,67.85
"E09000031","Waltham Forest",2003,47.51,63.7,428.7,NA,628,77.13,2576,1285,175075.87,68.94
"E09000031","Waltham Forest",2004,47.23,63.39,433.2,23.8,611,77.56,2457.58,1290,191377.78,70.85
"E09000031","Waltham Forest",2005,46.61,63.14,415.5,22.6,639,78.03,2511.92,1265,197240.44,74.27
"E09000031","Waltham Forest",2006,45.97,62.92,427.7,26.4,620,78.24,2410.58,1285,209707.76,77.61
"E09000031","Waltham Forest",2007,45.49,62.63,445.4,29.7,608,78.74,2145.92,1270,237017.27,80.4
"E09000031","Waltham Forest",2008,44.68,62.05,466.7,28.7,596,79.14,2186.67,1415,232886.47,84.3
"E09000031","Waltham Forest",2009,43.64,61.94,476.2,26.2,596,79.78,2272.17,1375,204935.08,88.73
"E09000031","Waltham Forest",2010,43.6,61.59,475.7,31.4,617,80.19,2261.56,1355,222102.29,94.14
"E09000031","Waltham Forest",2011,43.52,52.19,464.4,38.4,573,80.82,2086.83,1355,220905.44,95.46
"E09000031","Waltham Forest",2012,43.55,51.75,472.6,41.3,575,81.09,1981.25,1475,230726.51,101.79
"E09000031","Waltham Forest",2013,43.38,51.39,441.8,44.5,596,81.48,1844.67,1505,254265.27,110.27
"E09000031","Waltham Forest",2014,43.12,51.05,444.8,43.9,650,81.32,1710,1525,314934.4,117.86
"E09000031","Waltham Forest",2015,42.83,50.74,476.3,42.6,608,81.32,1783.42,1380,357513.37,120.6
"E09000031","Waltham Forest",2016,43.55,50.47,483.4,45.6,610,81.36,1770.17,1735,413149.27,122.91
"E09000031","Waltham Forest",2017,44.1,50.17,499.4,43.9,613,81.69,1874,1775,436116.5,122.04
"E09000031","Waltham Forest",2018,45,49.9,529.7,48.7,652,82,1952.83,1780,440887.47,116.74
"E09000031","Waltham Forest",2019,45.96,49.64,574.9,50.2,643,82.19,1997.83,2085,430727.7,116.49
"E09000031","Waltham Forest",2020,46.27,49.41,596.8,57.3,542,81.39,1922.08,1865,451232.56,117.35
"E09000031","Waltham Forest",2021,46.58,49.19,629.6,60.3,588,81.03,1841.75,2320,465211.67,118.32
"E09000031","Waltham Forest",2022,46.89,48.98,645.2,62.45,592,80.75,1863.89,2275,483702.42,119.66
"E09000031","Waltham Forest",2023,47.2,48.8,657.27,64.59,602,80.44,1832.57,2230,486716.17,125.12
"E09000031","Waltham Forest",2024,47.51,48.62,669.34,66.74,605,80.13,1801.24,2225,489319.62,129.63
"E09000031","Waltham Forest",2025,47.82,48.45,681.41,68.89,604,79.82,1769.92,2269,498215.53,133.58
"E09000031","Waltham Forest",2026,48.13,48.29,693.48,71.04,604,79.52,1738.6,2285,509948.63,137.19
"E09000031","Waltham Forest",2027,48.44,48.15,705.55,73.18,604,79.21,1707.28,2313,522960.97,140.61
"E09000031","Waltham Forest",2028,48.75,48.01,717.62,75.33,604,78.9,1675.95,2336,536550.1,143.91
"E09000031","Waltham Forest",2029,49.06,47.87,729.69,77.48,604,78.59,1644.63,2362,550399.31,147.14
"E09000031","Waltham Forest",2030,49.37,47.74,741.76,79.62,604,78.28,1613.31,2387,564365.77,150.33
"E09000031","Waltham Forest",2031,49.68,47.62,753.83,81.77,604,77.97,1581.99,2411,578385.11,153.49
"E09000032","Wandsworth",2001,46.6,78.28,NA,NA,833,NA,2976.42,NA,205179.66,64.34
"E09000032","Wandsworth",2002,46.9,78.66,502.1,NA,814,NA,3017,NA,232805.56,66.52
"E09000032","Wandsworth",2003,47.62,78.84,502.5,NA,788,77.9,2797.25,2065,253342.48,69.26
"E09000032","Wandsworth",2004,47.88,79.08,526.8,49.7,764,78.35,2636.75,2015,271649.72,72.39
"E09000032","Wandsworth",2005,48.07,79.28,538.9,45.3,740,78.54,2510.83,2050,284182.08,77.65
"E09000032","Wandsworth",2006,48.25,79.57,557.2,51.6,661,78.92,2503.25,2115,310943.89,81.36
"E09000032","Wandsworth",2007,48.17,79.68,572.4,55.9,690,79.15,2274.92,2130,372077.56,86.06
"E09000032","Wandsworth",2008,47.47,77.1,618.8,56.2,674,79.45,2090.67,2335,363817.6,89.7
"E09000032","Wandsworth",2009,46.55,76.98,631.8,58.7,647,79.84,2122.42,2315,340372.94,94.9
"E09000032","Wandsworth",2010,45.12,78.81,643,62.6,660,80.33,2069.67,2235,374487.98,102.29
"E09000032","Wandsworth",2011,43.09,71.43,651.6,64.5,627,80.88,1888,2215,386200.19,103.76
"E09000032","Wandsworth",2012,42,71.21,632.3,66,615,81.11,2129,2255,409392.05,110.84
"E09000032","Wandsworth",2013,42.27,71.03,644.1,63.6,597,81.21,1888.25,2325,457404.06,119.12
"E09000032","Wandsworth",2014,42.76,70.8,661.1,69.8,582,81.53,1803.83,2425,544515,121.88
"E09000032","Wandsworth",2015,43.01,70.59,670.1,66.3,586,81.67,1910.67,1800,572691.16,127.45
"E09000032","Wandsworth",2016,43,70.38,684.7,70.6,572,81.88,2026.5,2545,608740.91,134.56
"E09000032","Wandsworth",2017,42.86,70.28,681.2,71.3,593,81.84,2071.67,2495,617921.48,131.24
"E09000032","Wandsworth",2018,42.72,70.19,695.7,70.7,589,82.14,2118.33,2515,596632.27,128.38
"E09000032","Wandsworth",2019,43.34,70.1,720.9,71.6,607,82.26,2174.92,2585,587915.17,128.01
"E09000032","Wandsworth",2020,44.12,70.02,755.2,72.8,483,81.98,2027.92,1820,610148.36,127.91
"E09000032","Wandsworth",2021,44.46,69.93,746,70.3,534,81.75,2081.33,2710,594458.33,131.04
"E09000032","Wandsworth",2022,44.64,69.85,833.1,73.88,537,81.99,2018.89,2745,644442.67,132.52
"E09000032","Wandsworth",2023,44.74,69.78,849.65,74.1,536,82.03,2001.5,2665,618278.17,138.08
"E09000032","Wandsworth",2024,44.79,69.7,866.2,76.17,523,82.06,1984.1,2720,621153.62,143.11
"E09000032","Wandsworth",2025,44.82,69.63,882.75,77.22,514,82.1,1966.71,2543,639509.64,146.36
"E09000032","Wandsworth",2026,44.84,69.56,899.3,78.84,504,82.13,1949.32,2543,657865.66,149.61
"E09000032","Wandsworth",2027,44.85,69.51,915.85,80.15,494,82.17,1931.93,2543,676221.68,152.87
"E09000032","Wandsworth",2028,44.85,69.45,932.4,81.62,484,82.21,1914.53,2543,694577.69,156.12
"E09000032","Wandsworth",2029,44.85,69.4,948.95,83,474,82.24,1897.14,2543,712933.71,159.37
"E09000032","Wandsworth",2030,44.85,69.36,965.5,84.44,464,82.28,1879.75,2543,731289.73,162.62
"E09000032","Wandsworth",2031,44.86,69.31,982.05,85.84,454,82.31,1862.35,2543,749645.75,165.88
"E09000033","Westminster",2001,45.1,73.24,NA,NA,790,NA,7189.17,NA,296105.5,62.6
"E09000033","Westminster",2002,45.93,72.62,480,NA,768,NA,7179.25,NA,339622.39,64.66
"E09000033","Westminster",2003,46.24,71.96,504.7,NA,727,79.84,6608,7020,363466.03,67.25
"E09000033","Westminster",2004,46.45,71.55,549,37.4,746,80.14,6611.5,6995,379395.35,71.34
"E09000033","Westminster",2005,46.94,71.17,574,42.4,734,80.39,5965.17,7070,399384.99,76.15
"E09000033","Westminster",2006,47.14,71.04,598.1,47,721,81.4,5522.25,6975,436864.88,80.31
"E09000033","Westminster",2007,47.38,70.64,625.5,53.5,693,82.04,5327.83,6910,514426.68,85.33
"E09000033","Westminster",2008,47.4,69.59,670.8,49.1,668,82.87,5277.58,7495,540196.64,90.11
"E09000033","Westminster",2009,47.23,69.38,672.2,55.6,651,83,5335.17,7535,532096.98,95.96
"E09000033","Westminster",2010,46.61,68.99,718.7,55.9,638,83,5119.22,7435,606698.24,103.17
"E09000033","Westminster",2011,46.11,61.72,670.8,60.1,628,82.82,5336.5,7365,632513.6,104.23
"E09000033","Westminster",2012,45.31,61.34,701,61.5,609,82.67,5129,7580,696926.04,109.77
"E09000033","Westminster",2013,43.67,61.16,625,62.8,595,83.11,4530.58,7645,789972.48,117.42
"E09000033","Westminster",2014,42.61,61.04,659.6,66.1,617,83.28,4006.75,7770,922702.24,122.03
"E09000033","Westminster",2015,42.54,60.92,656,63.2,631,83.21,4010.83,5115,964643.07,127.97
"E09000033","Westminster",2016,42.4,60.74,667.5,62.1,620,82.97,4098.5,8020,995543.36,141.51
"E09000033","Westminster",2017,42.79,60.57,730.8,62.3,608,82.79,4660.17,8035,1064771.6,130.12
"E09000033","Westminster",2018,43.02,60.41,757.1,66.7,598,83.22,5170.58,8345,1019866.36,130.46
"E09000033","Westminster",2019,43.19,60.26,703.9,65.5,581,83.53,6686,8920,952895.73,140.33
"E09000033","Westminster",2020,42.96,60.12,701.1,65.4,436,82.9,3894.42,5820,961711.83,129.08
"E09000033","Westminster",2021,42.79,59.99,771.1,68.9,468,82.52,4064.33,9170,1019470.58,132.97
"E09000033","Westminster",2022,42.67,59.87,737.9,70.75,479,82.51,5703.56,9605,1086998.17,134.88
"E09000033","Westminster",2023,42.58,59.76,737.9,72.61,484,82.5,5632.81,9035,1074299.33,141.1
"E09000033","Westminster",2024,42.51,59.66,737.9,74.46,473,82.49,5562.07,8785,991393,144.54
"E09000033","Westminster",2025,42.46,59.56,737.9,76.31,461,82.48,5491.33,8576,972753.3,147.98
"E09000033","Westminster",2026,42.42,59.47,737.9,78.16,450,82.47,5420.59,8576,1000348.06,151.43
"E09000033","Westminster",2027,42.4,59.38,737.9,80.02,438,82.46,5349.84,8576,1027942.82,154.87
"E09000033","Westminster",2028,42.38,59.31,737.9,81.87,427,82.45,5279.1,8576,1055537.58,158.31
"E09000033","Westminster",2029,42.36,59.23,737.9,83.72,415,82.44,5208.36,8576,1083132.34,161.75
"E09000033","Westminster",2030,42.35,59.16,737.9,85.58,404,82.43,5137.62,8576,1110727.1,165.2
"E09000033","Westminster",2031,42.34,59.09,737.9,87.43,392,82.42,5066.87,8576,1138321.86,168.64
"E12000007","London",2001,46.95,71.08,NA,NA,26686,NA,88113.33,NA,159225.79,63.46
"E12000007","London",2002,47.18,70.69,419.7,NA,26859,NA,90061.75,NA,187395.75,66.17
"E12000007","London",2003,47.24,70.25,435.9,NA,26466,78.37,88410.83,58740,211100.92,68.18
"E12000007","London",2004,47.12,69.89,448.7,31.9,26367,78.71,84593.42,58120,228614.04,70.78
"E12000007","London",2005,46.84,69.62,458,33.7,26322,79.07,82010.42,59095,235329.27,75.75
"E12000007","London",2006,46.36,69.35,468,35,26287,79.55,76814.92,58920,251281.18,79.31
"E12000007","London",2007,45.75,69.04,486.7,37.1,26047,79.91,71836,59010,287114.02,82.78
"E12000007","London",2008,44.99,69.78,503.9,37.9,25756,80.18,70409.25,64805,282959.01,86.94
"E12000007","London",2009,44.1,69.72,517.5,39.3,25819,80.53,69117.17,65460,257853.76,91.69
"E12000007","London",2010,43.57,69.68,521.3,41.2,25499,80.8,66591.03,64315,284543.13,97.29
"E12000007","London",2011,43.32,59.78,517.5,45.3,24986,81.26,65810.74,63365,290551.08,98.75
"E12000007","London",2012,43.3,59.21,523.4,47,24695,81.53,64130.07,66865,303927.33,104.92
"E12000007","London",2013,43.39,58.73,521.2,48.4,24616,81.83,57973.22,67725,329167.88,112.07
"E12000007","London",2014,43.42,58.25,520.7,49.1,24927,81.99,57541.93,70470,386124.34,117.68
"E12000007","London",2015,43.09,57.81,527.9,49.8,24795,81.98,60517.09,53670,425134.16,122.81
"E12000007","London",2016,42.65,57.37,536.6,52,24818,82.08,62756.4,75010,467502.88,126.76
"E12000007","London",2017,43.59,57.01,558.1,51.6,24780,82.1,67549.03,77240,480247.17,125.37
"E12000007","London",2018,44.5,56.66,574.9,53.1,24720,82.25,68890.4,79770,477844.58,122.46
"E12000007","London",2019,45.14,56.34,590.9,54.2,25152,82.37,75008.83,83915,471078.24,122.54
"E12000007","London",2020,45.65,56.04,588.7,58.7,20042,81.81,64004,64475,483650.23,121.56
"E12000007","London",2021,46.02,55.76,614.4,58.9,22504,81.46,64221.83,91295,500165.42,124
"E12000007","London",2022,46.29,55.5,645.8,60.49,23270,81.38,68954.13,94055,528656.92,125.61
"E12000007","London",2023,46.48,55.26,666.57,62.08,23482,81.3,68680.11,90565,519963.5,131.07
"E12000007","London",2024,46.62,55.03,682.61,63.66,23181,81.22,68406.09,90650,516682.12,134.93
"E12000007","London",2025,46.73,54.82,696.53,65.25,23181,81.14,68132.12,90923,528763.07,138.3
"E12000007","London",2026,46.8,54.62,709.52,66.84,23181,81.06,67858.15,91836,543775.32,141.5
"E12000007","London",2027,46.86,54.43,722.09,68.43,23181,80.98,67584.12,92748,558787.57,144.62
"E12000007","London",2028,46.89,54.26,734.47,70.02,23181,80.9,67310.14,93661,573799.82,147.7
"E12000007","London",2029,46.92,54.1,746.77,71.61,23181,80.82,67036.16,94574,588812.07,150.75
"E12000007","London",2030,46.94,53.94,759.04,73.19,23181,80.74,66762.17,95487,603824.32,153.8
"E12000007","London",2031,46.96,53.8,771.29,74.78,23181,80.66,66488.15,96399,618836.57,156.84
