"CODE";"BOROUGH";"YEAR";"VAL_01_AGE";"VAL_02_RACE_WHITE";"VAL_03_WEEK_EARNINGS";"VAL_04_PERCENT_NVQ4";"VAL_05_CAR_TRAFFIC";"VAL_06_EXP_LIFE";"VAL_07_CRIMES";"VAL_08_SERVICES";"VAR_09_HOUSE_PRICE";"VAL_10_HOUSE_RENT"
"E09000002";"Barking and Dagenham";2001;18,11;84,84;NA;NA;460;NA;1711,5;NA;88664,06;64,18
"E09000002";"Barking and Dagenham";2002;17,8;83,11;383,3;NA;467;NA;1699,5;NA;112221,91;69,22
"E09000002";"Barking and Dagenham";2003;17,39;81,53;354,9;NA;466;76,92;1845,33;750;142498,93;69,03
"E09000002";"Barking and Dagenham";2004;17,39;79,79;360,1;14,1;466;77;1786,83;730;158175,98;70,32
"E09000002";"Barking and Dagenham";2005;17,65;78,19;375,1;15,8;509;77,26;1838,5;760;163360,78;74,83
"E09000002";"Barking and Dagenham";2006;17,74;76,64;417,6;14,8;526;77,75;1782;745;167853,34;78,46
"E09000002";"Barking and Dagenham";2007;17,95;75,04;446,7;18,5;513;78,09;1628;730;184909,81;81,45
"E09000002";"Barking and Dagenham";2008;18,09;74,52;449,9;20,5;490;78,15;1665,58;790;187356,87;85,34
"E09000002";"Barking and Dagenham";2009;18,09;73,42;448,8;22,4;521;78,34;1653,58;775;156446,9;90,25
"E09000002";"Barking and Dagenham";2010;25,72;72,49;429,3;26,5;512;78,59;1581,11;765;166560,71;95,69
"E09000002";"Barking and Dagenham";2011;25,79;58,25;452,1;26,9;504;79,25;1517,58;755;163465,14;96,49
"E09000002";"Barking and Dagenham";2012;25,41;56,44;450;25,9;480;79,61;1407,17;890;165863,91;101,69
"E09000002";"Barking and Dagenham";2013;25,62;54,78;441,2;28,2;498;79,85;1339,58;875;173733,62;107,67
"E09000002";"Barking and Dagenham";2014;25,47;53,18;422,5;29,5;513;79,72;1315,42;950;201172,23;120,92
"E09000002";"Barking and Dagenham";2015;25,67;51,71;436,6;32,4;512;79,55;1397,42;750;233460,11;127,03
"E09000002";"Barking and Dagenham";2016;25,85;50,33;462,2;33,2;516;79,61;1437,25;1010;273919,64;128,51
"E09000002";"Barking and Dagenham";2017;25,89;49,14;461;30,7;507;79,83;1528;1030;287734,72;128,74
"E09000002";"Barking and Dagenham";2018;25,92;48,05;479,1;33;504;80,11;1498,08;1055;295185,13;118,51
"E09000002";"Barking and Dagenham";2019;25,82;47,06;471;33,1;507;79,97;1618;1140;298207,1;116,92
"E09000002";"Barking and Dagenham";2020;25,86;46,14;486,7;44,9;416;79,14;1514,17;900;300836,13;121,89
"E09000002";"Barking and Dagenham";2021;25,44;45,31;508,7;37;457;78,5;1554,75;1310;309046,08;118,71
"E09000002";"Barking and Dagenham";2022;25,21;44,55;536,1;45,27;485;78,35;1607,56;1375;333405,08;119,77
"E09000002";"Barking and Dagenham";2023;24,89;43,85;543,74;42,11;483;78,46;1579,69;1365;338058,75;125,53
"E09000002";"Barking and Dagenham";2024;24,46;43,22;551,38;47,03;482;78,36;1560,18;1420;334158,62;129,1
"E09000002";"Barking and Dagenham";2025;24,17;42,63;559,02;46,24;481;77,81;1546,51;1470;338087,22;131,44
"E09000003";"Barnet";2001;17,74;73,9;NA;NA;1389;NA;2689,5;NA;185563,35;67,7
"E09000003";"Barnet";2002;17,56;73,24;427,4;NA;1402;NA;2861,5;NA;220746,06;69,32
"E09000003";"Barnet";2003;17,41;72,48;450,1;NA;1406;80,09;3024;2395;251212,93;70,82
"E09000003";"Barnet";2004;17,5;71,89;453,3;37,3;1397;80,45;3157,25;2340;271854,11;74,55
"E09000003";"Barnet";2005;17,63;71,29;442,3;39,9;1406;80,68;2905,92;2380;279459,67;79,3
"E09000003";"Barnet";2006;17,63;70,68;466,1;37,2;1419;81,08;2493,33;2420;291337,8;82,68
"E09000003";"Barnet";2007;17,68;70,15;460;39,7;1397;81,39;2220,42;2360;326915,5;85,84
"E09000003";"Barnet";2008;17,67;71,58;502,2;40,9;1457;81,8;2197,83;2660;330023,31;90,09
"E09000003";"Barnet";2009;17,61;71,38;528,1;42,3;1432;81,93;2189,42;2710;299103,01;95,1
"E09000003";"Barnet";2010;26,48;70,17;501,6;47,2;1464;82,01;2081,11;2595;333128,1;101,56
"E09000003";"Barnet";2011;26,39;64,14;498,3;50,4;1393;82,32;2149,83;2570;338978,01;103,17
"E09000003";"Barnet";2012;26,37;63,48;503,1;49,5;1412;82,81;2100,92;2705;358627,35;109,79
"E09000003";"Barnet";2013;26,51;62,9;517,5;50,4;1413;83,25;1912,17;2765;374770,61;117,53
"E09000003";"Barnet";2014;26,44;62,31;479,1;43,7;1416;83,44;1906,25;2850;430363,35;123,29
"E09000003";"Barnet";2015;26,5;61,76;491;49,1;1405;83,36;2036,83;2335;478687,95;127,16
"E09000003";"Barnet";2016;26,5;61,25;485,6;55,9;1370;83,44;2100,25;2930;525939,58;132,13
"E09000003";"Barnet";2017;26,35;60,81;522,6;53,8;1402;83,58;2184,92;2995;538281,02;130,39
"E09000003";"Barnet";2018;26,15;60,4;536,6;51,5;1396;83,84;2300,25;3165;533216,09;127,68
"E09000003";"Barnet";2019;25,97;60,03;536,4;53,2;1421;84,07;2582,67;3400;521293,33;127,97
"E09000003";"Barnet";2020;25,66;59,67;538,8;61,7;1108;83,36;2228,17;3170;525757,27;125,98
"E09000003";"Barnet";2021;25,35;59,34;574,9;56,1;1246;83,04;2234,5;4580;555740,17;128,78
"E09000003";"Barnet";2022;24,97;59,04;624;53,82;1271;82,89;2279,22;4655;595490,25;130,58
"E09000003";"Barnet";2023;24,54;58,75;633,83;56,17;1292;82,74;2230,57;4030;587381,25;136,32
"E09000003";"Barnet";2024;24,11;58,48;643,66;56,66;1329;82,59;2202,56;3790;581896,25;140,72
"E09000003";"Barnet";2025;23,76;58,23;653,49;55,74;1348;82,44;2186,44;3267;598796,38;144,47
"E09000004";"Bexley";2001;17,22;91,18;NA;NA;817;NA;1766,67;NA;116527,13;63,58
"E09000004";"Bexley";2002;17,1;90,36;405;NA;816;NA;1646;NA;136797,96;66,25
"E09000004";"Bexley";2003;16,95;89,65;431,9;NA;821;79,15;1695,33;1155;164482,04;67,74
"E09000004";"Bexley";2004;16,92;88,89;438,1;15,8;853;79,57;1571,58;1160;179141,17;66,67
"E09000004";"Bexley";2005;16,94;88,01;452,4;18,8;858;80,07;1667,58;1155;186512,19;72,22
"E09000004";"Bexley";2006;16,96;87,31;443,4;22,4;832;80,44;1416,42;1130;191831,06;75,51
"E09000004";"Bexley";2007;16,99;86,58;469,8;21,7;824;80,6;1400,92;1145;208085,87;78,57
"E09000004";"Bexley";2008;17,03;85,86;483,9;24,9;823;80,72;1347,58;1230;210199,18;82,31
"E09000004";"Bexley";2009;17,08;85,18;486,3;27,7;832;81;1287,58;1250;189050,81;85,91
"E09000004";"Bexley";2010;20,35;84,46;518,1;25,8;809;81,44;1142,44;1255;200874,15;90,42
"E09000004";"Bexley";2011;20,09;81,88;505,1;27,2;795;81,81;1009,5;1205;200672,26;90,6
"E09000004";"Bexley";2012;20,02;81,12;509,1;28,2;788;82,09;1017,08;1250;202546,43;96,58
"E09000004";"Bexley";2013;20,33;80,38;497,9;30,5;772;82,09;981;1255;213470,26;100,56
"E09000004";"Bexley";2014;20,78;79,63;512,6;33,2;786;82,21;1000,67;1315;244459,44;106,35
"E09000004";"Bexley";2015;21,43;78,93;491,1;33,6;791;82;1020,92;955;274209,28;111,21
"E09000004";"Bexley";2016;22,04;78,25;487;36,6;803;82,04;1098,83;1360;321563,51;112,89
"E09000004";"Bexley";2017;22,44;77,65;513;37,1;805;81,93;1212,17;1350;335694,47;112,67
"E09000004";"Bexley";2018;22,78;77,08;512,7;42;797;81,92;1256,5;1375;342672,76;110,75
"E09000004";"Bexley";2019;23,09;76,55;553,4;35,5;814;81,93;1486,08;1395;336872,5;109,12
"E09000004";"Bexley";2020;23,21;76,06;566,5;37,6;666;81,67;1272,33;1010;343326,45;108,73
"E09000004";"Bexley";2021;23,15;75,6;586,6;42,3;749;81,5;1229,42;1470;369472,17;112,22
"E09000004";"Bexley";2022;23,05;75,17;641,5;43,86;773;81,44;1312,44;1530;400692,33;113,32
"E09000004";"Bexley";2023;22,89;74,76;653,33;45,42;778;81,38;1272,42;1495;399712,33;118,31
"E09000004";"Bexley";2024;22,73;74,38;665,15;46,98;781;81,32;1244,14;1490;401062,75;120,9
"E09000004";"Bexley";2025;22,73;74,03;676,98;48,54;782;81,26;1224,14;1508;411232,98;123,5
"E09000005";"Brent";2001;17,63;45,49;NA;NA;835;NA;2773;NA;157287,4;62,39
"E09000005";"Brent";2002;17,43;45,73;368,4;NA;859;NA;2794,75;NA;185898,15;65,61
"E09000005";"Brent";2003;17,24;45,69;359,8;NA;853;78,79;2986,42;1745;216501,76;68,34
"E09000005";"Brent";2004;17,45;45,81;395,5;24,5;865;79,29;2965,17;1710;236023,44;71,77
"E09000005";"Brent";2005;17,68;46;394,7;27,9;865;79,9;2928,33;1760;241690,07;77,22
"E09000005";"Brent";2006;17,7;46,19;398,7;27,8;851;80,47;2539,5;1740;253253,44;79,14
"E09000005";"Brent";2007;17,76;46,2;421,6;27,2;837;80,75;2343,83;1745;286995,35;83,61
"E09000005";"Brent";2008;17,77;50,92;437;27,2;800;80,93;2267,75;1950;292757,92;89,14
"E09000005";"Brent";2009;17,66;51,68;439,1;34,7;793;81,1;2420,5;1985;264402,05;94,08
"E09000005";"Brent";2010;29,76;51,68;423,1;28,4;833;81,32;2358,67;1925;289562,7;100,36
"E09000005";"Brent";2011;30,07;36,28;414,9;30,2;798;81,81;2464,58;1905;298964,55;101,46
"E09000005";"Brent";2012;29,75;35,95;442;39,8;794;81,89;2305,08;2045;314112,76;106,78
"E09000005";"Brent";2013;29,43;35,65;441,8;43,8;774;82,07;1995,67;2025;339655,61;113,71
"E09000005";"Brent";2014;28,94;35,36;441,8;45,9;791;82,19;2064,42;2150;394687,48;118,15
"E09000005";"Brent";2015;28,58;35,08;457,6;45,1;770;82,3;2115,25;1960;440951,67;123,16
"E09000005";"Brent";2016;28,21;34,82;467;44,9;791;82,44;2272;2350;489469,42;136,19
"E09000005";"Brent";2017;27,49;34,64;471;39,6;784;82,38;2439;2390;487703,75;133,96
"E09000005";"Brent";2018;26,84;34,47;479,9;40,3;784;82,6;2496,92;2515;492936,86;125,6
"E09000005";"Brent";2019;26,19;34,29;524;47,7;806;82,96;2490,5;2830;474597,72;133,71
"E09000005";"Brent";2020;25,85;34,12;531,8;50,3;677;82,19;2332,83;2530;487681,15;130,62
"E09000005";"Brent";2021;25,55;33,95;555,7;51;746;81,64;2274,58;3135;490444,25;127,79
"E09000005";"Brent";2022;25,15;33,78;562,5;50,6;742;81,41;2458,56;3080;521958,58;129,49
"E09000005";"Brent";2023;24,72;33,63;572,2;50,43;753;81,1;2456,69;2950;518896;134,68
"E09000005";"Brent";2024;24,26;33,48;581,91;50,49;748;80,79;2325,24;2975;521540,5;137,76
"E09000005";"Brent";2025;23,93;33,33;591,61;50,52;750;80,48;2325,24;3051;537006,38;140,85
"E09000006";"Bromley";2001;17,63;91,46;NA;NA;1164;NA;2386,5;NA;162131,84;65,76
"E09000006";"Bromley";2002;17,51;90,83;440,1;NA;1170;NA;2523;NA;186646,04;68,74
"E09000006";"Bromley";2003;17,4;90,11;449,2;NA;1175;79,84;2576,5;1865;215992,97;70,73
"E09000006";"Bromley";2004;17,34;89,47;461,2;34,7;1187;80,19;2563,42;1920;234462,68;70,56
"E09000006";"Bromley";2005;17,33;88,86;464,8;31,6;1185;80,55;2566,08;1965;239786,29;74,94
"E09000006";"Bromley";2006;17,33;88,29;479,5;35,1;1180;81,15;2368,67;1955;249691,69;78,01
"E09000006";"Bromley";2007;17,39;87,64;506,3;35,3;1165;81,34;2099,58;1930;277229,95;82,94
"E09000006";"Bromley";2008;17,49;85,98;546;31,9;1161;81,48;2195,83;2135;277727,52;85,44
"E09000006";"Bromley";2009;17,56;85,49;545,6;35;1158;81,61;1981,75;2120;249909,34;89,55
"E09000006";"Bromley";2010;21,53;84,82;527,2;36,9;1126;81,97;1782,78;2070;271049,05;95,58
"E09000006";"Bromley";2011;21,22;84,3;551,7;43,5;1130;82,36;1795,25;1995;274874,58;95,71
"E09000006";"Bromley";2012;21,29;83,5;566,6;44,1;1127;82,58;1685,83;2065;282025,01;101,62
"E09000006";"Bromley";2013;21,52;82,76;581,1;46,4;1135;82,9;1594,08;2070;296669,2;111,1
"E09000006";"Bromley";2014;21,79;82,06;578,5;46,1;1156;82,97;1659,83;2060;347857,25;111,69
"E09000006";"Bromley";2015;22,08;81,39;583,8;47;1160;83,18;1750,5;1470;385681,45;115,94
"E09000006";"Bromley";2016;22,44;80,83;584,3;48,8;1160;83,1;1717,67;2150;428008,12;118,13
"E09000006";"Bromley";2017;22,52;80,29;608;46,9;1155;83,31;1882,42;2225;441218,59;116,92
"E09000006";"Bromley";2018;22,57;79,8;632,7;49,6;1135;83,18;1915,25;2520;443416,58;115,72
"E09000006";"Bromley";2019;22,59;79,34;638,3;54,1;1180;83,34;2078,17;2425;436228,66;115,86
"E09000006";"Bromley";2020;22,39;78,91;613,2;52,5;940;83,07;1796,75;1530;435047,9;113,49
"E09000006";"Bromley";2021;22,19;78,51;666,6;57,9;1090;83,04;1856,25;2300;466823,83;116,32
"E09000006";"Bromley";2022;21,92;78,14;704,7;59,26;1117;83,15;1900;2370;502695;117,82
"E09000006";"Bromley";2023;21,68;77,8;717,93;60,63;1126;83,17;1855,19;2300;498813,33;122,21
"E09000006";"Bromley";2024;21,43;77,47;731,16;61,99;1130;83,25;1831,94;2310;490728,88;124,72
"E09000006";"Bromley";2025;21,22;77,17;744,39;63,36;1131;83,29;1819,88;2213;499481,02;127,23
"E09000007";"Camden";2001;17,77;73,23;NA;NA;477;NA;4425,25;NA;278594,04;65,16
"E09000007";"Camden";2002;17,78;72,79;470,8;NA;470;NA;4490,83;NA;314179,51;67,5
"E09000007";"Camden";2003;17,7;72,24;491,1;NA;464;77,82;4251,33;3225;323053,85;69,82
"E09000007";"Camden";2004;17,88;71,81;507,9;46,9;446;78,34;3786;3120;351847,8;73,27
"E09000007";"Camden";2005;18,04;71,61;541;48,2;436;78,66;3519,67;3170;368345,08;80,87
"E09000007";"Camden";2006;18,04;71,28;552,2;48,9;430;79,07;3536,25;3120;394819,37;83,29
"E09000007";"Camden";2007;18,06;70,98;592,6;50,8;427;79,61;2949,83;3110;466485,64;86,94
"E09000007";"Camden";2008;18,01;70,02;614,6;51,9;417;80,19;2847,92;3440;501223,24;91,21
"E09000007";"Camden";2009;17,95;69,93;621,1;52,5;419;80,87;2814,42;1630;454628,07;96,16
"E09000007";"Camden";2010;33,49;69,35;583;55,3;399;81,4;2721,89;3530;513221,13;102,56
"E09000007";"Camden";2011;33,24;66,35;612;55,2;394;81,98;2913,92;3480;554392,96;104,29
"E09000007";"Camden";2012;32,68;65,93;612;59,5;376;82,4;2744,58;3640;586165,94;111,48
"E09000007";"Camden";2013;32,8;65,69;629,5;59,9;375;82,82;2395,33;3675;667447,56;121,61
"E09000007";"Camden";2014;32,71;65,5;613,1;60,6;379;83,2;2299,75;3800;756486,47;127,14
"E09000007";"Camden";2015;33,2;65,38;588,1;61,1;377;83,1;2499,83;2780;787440,93;132,35
"E09000007";"Camden";2016;33,32;65,29;632,5;58,8;371;83,26;2480,08;4050;807118,96;134,18
"E09000007";"Camden";2017;33,37;65,25;614,3;59,9;368;82,84;3119,67;4295;839347,48;135,57
"E09000007";"Camden";2018;33,65;65,2;634,4;64,3;359;82,78;2968,58;4590;842186,93;133,52
"E09000007";"Camden";2019;33,83;65,15;662;60,9;355;82,62;3280;5055;848157,6;131,12
"E09000007";"Camden";2020;33,91;65,1;623;65,3;279;82,22;2424,33;3800;833570,04;129,71
"E09000007";"Camden";2021;33,97;65,06;695;66,8;311;81,89;2302,83;5615;838758,5;134,75
"E09000007";"Camden";2022;33,78;65,02;690,3;67,23;316;81,85;2809,56;5540;863668,92;136,88
"E09000007";"Camden";2023;33,43;64,99;708,16;68,35;313;81,66;2722,37;5280;854332,25;142,68
"E09000007";"Camden";2024;33,19;64,96;716,31;69,47;300;81,55;2700,41;5345;827876,5;147,23
"E09000007";"Camden";2025;32,88;64,93;728,64;70,59;294;81,4;2694,88;5631;837475,16;151,23
"E09000008";"Croydon";2001;17,58;69,98;NA;NA;1166;NA;3120,83;NA;132509,21;71,85
"E09000008";"Croydon";2002;17,39;69,08;405,3;NA;1170;NA;3218,17;NA;157022,77;74,49
"E09000008";"Croydon";2003;17,16;68,24;406,4;NA;1162;78,75;3086,92;2090;185784,03;76,09
"E09000008";"Croydon";2004;17,16;67,34;413,3;27,6;1140;78,81;2917;2035;198588,53;77,93
"E09000008";"Croydon";2005;17,21;66,52;421;29,4;1136;79,06;2904,92;2050;204407,33;81,54
"E09000008";"Croydon";2006;17,26;65,76;441,6;29,8;1139;79,33;2625,83;2055;212111,34;85,15
"E09000008";"Croydon";2007;17,36;65,01;454;30;1151;79,82;2548,92;2040;233665,59;88,23
"E09000008";"Croydon";2008;17,52;67,78;481,6;33,1;1123;80,18;2732,42;2250;235998,6;91,19
"E09000008";"Croydon";2009;17,6;67,6;496;31,2;1112;80,75;2767,5;2225;203706,37;96,61
"E09000008";"Croydon";2010;24,27;67,22;515,5;40,1;1080;80,73;2619,11;2135;218639,68;101,32
"E09000008";"Croydon";2011;24,3;55,11;481,7;36,7;1080;81;2636,83;2140;215427,58;101,9
"E09000008";"Croydon";2012;24,45;53,94;493,2;40;1064;81,08;2635;2200;221817,15;107,26
"E09000008";"Croydon";2013;24,46;52,89;481,4;42,4;1070;81,53;2323,33;2240;234439,88;114,39
"E09000008";"Croydon";2014;24,58;51,86;499;40,7;1082;81,72;2321,42;2250;274827,42;118,44
"E09000008";"Croydon";2015;24,89;50,85;492,2;40,6;1075;81,81;2394,67;1730;307064,08;123,11
"E09000008";"Croydon";2016;24,99;49,9;512,3;48,1;1077;81,85;2458,83;2430;355846,81;125,93
"E09000008";"Croydon";2017;24,91;49,05;538,5;47,2;1066;81,86;2486,83;2515;372554,48;124,37
"E09000008";"Croydon";2018;24,86;48,25;550,6;47,6;1062;81,94;2533,42;2560;370288,35;123,39
"E09000008";"Croydon";2019;24,66;47,52;561,7;42,9;1084;81,97;2751,58;2630;365937,22;122,2
"E09000008";"Croydon";2020;24,43;46,83;565,1;48,5;884;81,48;2666,33;2260;374646,01;120,9
"E09000008";"Croydon";2021;24,19;46,19;613,3;49,7;1012;81,22;2676,67;2740;387554,67;124,02
"E09000008";"Croydon";2022;23,88;45,59;667,7;51,04;1036;81,3;2790;2860;407964,67;125,79
"E09000008";"Croydon";2023;23,52;45,03;680,82;52,31;1052;81,21;2727,4;2710;403059,25;131,04
"E09000008";"Croydon";2024;23,24;44,51;693,94;53,61;1067;81,13;2685;2700;392997,62;134,98
"E09000008";"Croydon";2025;22,88;44,02;707,06;54,9;1078;81,04;2656,3;2453;395922,01;138,28
"E09000009";"Ealing";2001;17,78;58,82;NA;NA;1166;NA;3260,67;NA;170190,62;63,68
"E09000009";"Ealing";2002;17,55;58,91;431,5;NA;1173;NA;3345,58;NA;198426,77;66,47
"E09000009";"Ealing";2003;17,32;58,76;448,5;NA;1162;78,56;3160,58;2005;221689,17;69,28
"E09000009";"Ealing";2004;17,41;58,9;444,2;36,5;1154;78,82;3034,83;1965;241038,54;72,51
"E09000009";"Ealing";2005;17,62;58,9;437,8;35,9;1145;79,19;3107,92;2025;244871,75;77,96
"E09000009";"Ealing";2006;17,66;58,93;452;33,8;1123;79,74;3061,17;2085;260206,19;83,26
"E09000009";"Ealing";2007;17,72;58,93;465,3;38,3;1078;80,29;2830,25;2165;293783,66;85,34
"E09000009";"Ealing";2008;17,7;62,26;504,1;40,8;1104;80,57;2728,92;2430;295324,61;89,64
"E09000009";"Ealing";2009;17,68;62,6;498,9;36,3;1112;80,72;2804,5;2390;264041,85;95,7
"E09000009";"Ealing";2010;30,13;62,6;494,5;39,7;1084;80,72;2813,67;2355;292825,63;101,73
"E09000009";"Ealing";2011;29,87;49;486,6;47,1;1072;81,07;2644,58;2185;302306,91;102,76
"E09000009";"Ealing";2012;29,28;48,53;495;45,4;1028;81,46;2508,33;2315;318697,61;109,03
"E09000009";"Ealing";2013;28,77;48,09;502,1;44,4;1083;81,91;2190,58;2310;338088,97;116,43
"E09000009";"Ealing";2014;28,06;47,6;498,4;48;1053;82,18;2111,92;2455;400039,33;120,94
"E09000009";"Ealing";2015;27,44;47,16;495,7;49,7;1059;82,34;2231,33;2150;438310,52;126,27
"E09000009";"Ealing";2016;26,94;46,74;498,3;56,2;1046;82,4;2312,08;2720;476440,74;132,57
"E09000009";"Ealing";2017;25,91;46,49;517,2;49,4;1063;82,65;2338,5;2900;484592,17;132,16
"E09000009";"Ealing";2018;25,08;46,26;524,3;53,6;1057;82,6;2323,58;2905;480086,33;126,92
"E09000009";"Ealing";2019;24,5;46,03;532,2;58,7;1064;82,71;2584,92;2905;472145,33;130,55
"E09000009";"Ealing";2020;23,98;45,81;566,8;60,9;882;81,82;2361,67;2450;479742,24;125,74
"E09000009";"Ealing";2021;23,41;45,6;582,6;65,7;960;81,43;2336,42;3160;505746,08;129,21
"E09000009";"Ealing";2022;22,87;45,4;601,3;67,42;990;81,42;2381,56;3250;531633,58;131,18
"E09000009";"Ealing";2023;22,31;45,21;609,79;69,14;977;81,21;2401,78;3170;527153,08;136,58
"E09000009";"Ealing";2024;21,97;45,04;618,28;70,85;998;81,01;2415,8;3195;531221,75;139,75
"E09000009";"Ealing";2025;21,67;44,87;626,77;72,57;1015;80,8;2425,51;3257;546739,1;142,92
"E09000010";"Enfield";2001;17,6;76,86;NA;NA;1213;NA;2450,08;NA;135713,17;64,06
"E09000010";"Enfield";2002;17,37;75,34;363,1;NA;1236;NA;2503,5;NA;159791,07;68,04
"E09000010";"Enfield";2003;17,17;74,16;377,1;NA;1274;78,83;2499,83;1600;190572,74;69,76
"E09000010";"Enfield";2004;17,33;73,21;386;21,5;1280;78,97;2344,25;1580;205848,2;73,37
"E09000010";"Enfield";2005;17,54;72,37;408,1;28,2;1259;79,13;2289,42;1620;212548,55;77,56
"E09000010";"Enfield";2006;17,59;71,67;409,6;31,7;1318;79,78;2254,83;1550;219541,68;81,9
"E09000010";"Enfield";2007;17,62;70,92;448,7;28,6;1312;80,27;2106,25;1520;243911,82;84,92
"E09000010";"Enfield";2008;17,64;72,01;424,9;32,1;1259;80,47;2044,42;1745;245839,33;88,83
"E09000010";"Enfield";2009;17,6;71,6;460,2;34,6;1288;80,72;2038,25;1765;221993,13;92,9
"E09000010";"Enfield";2010;24,28;71,02;439,4;34,3;1340;80,91;1867,56;1740;242127,51;99,87
"E09000010";"Enfield";2011;24,25;61,01;475,8;36,8;1237;81,67;1901,42;1735;241991,26;100,97
"E09000010";"Enfield";2012;24,36;60,26;455,4;35,9;1291;82,09;1847,33;1830;247667,15;108,47
"E09000010";"Enfield";2013;24,35;59,58;450,3;36,2;1238;82,28;1822,17;1815;261604,36;115,78
"E09000010";"Enfield";2014;24,61;58,9;462,8;41;1286;82,26;1839,33;1960;294515,79;120,11
"E09000010";"Enfield";2015;24,76;58,25;473,6;43,6;1319;82,14;1877,42;1585;335503,5;125,54
"E09000010";"Enfield";2016;25,03;57,67;463,9;41,3;1306;82,34;1921;2000;385489,81;128,84
"E09000010";"Enfield";2017;25,04;57,13;479,8;36,1;1304;82,41;2062,83;2025;395929,18;125,36
"E09000010";"Enfield";2018;24,93;56,63;464,8;40,8;1308;82,68;2297,25;2030;396564,44;122,2
"E09000010";"Enfield";2019;24,75;56,16;490,1;40;1328;82,82;2494,08;2050;392439,03;122,77
"E09000010";"Enfield";2020;24,64;55,73;492,6;45,6;1026;82,11;2342,58;1915;396769;120,55
"E09000010";"Enfield";2021;24,44;55,33;521,5;49,2;1194;81,74;2379,58;2495;422486;123,27
"E09000010";"Enfield";2022;24,08;54,97;561;50,83;1273;81,7;2486,78;2595;445504,58;125,04
"E09000010";"Enfield";2023;23,71;54,63;552,39;52,46;1296;81,66;2459,14;2495;439377,08;130,06
"E09000010";"Enfield";2024;23,33;54,31;572,17;54,09;1266;81,62;2433,74;2510;436026,38;133,78
"E09000010";"Enfield";2025;23,03;54,02;575,2;55,72;1257;81,58;2410,38;2075;445377,25;136,96
"E09000011";"Greenwich";2001;18,08;76,95;NA;NA;924;NA;2416,25;NA;125820,07;62,92
"E09000011";"Greenwich";2002;17,81;76,31;401,3;NA;947;NA;2600,17;NA;147421,51;65,87
"E09000011";"Greenwich";2003;17,52;75,62;430,4;NA;954;77,03;2612,25;1130;171042,62;68,13
"E09000011";"Greenwich";2004;17,59;75;441,8;26,7;990;77,31;2598,83;1135;186893,59;71,63
"E09000011";"Greenwich";2005;17,8;74,28;405;28;986;77,44;2612,83;1150;196344,07;75,67
"E09000011";"Greenwich";2006;17,75;73,7;456,3;32,4;966;77,84;2485,75;1160;207167,29;78,6
"E09000011";"Greenwich";2007;17,85;73,2;456,2;31,5;959;78,11;2551,42;1175;228861,97;80,86
"E09000011";"Greenwich";2008;17,9;74,18;480,8;36,6;942;78,53;2389,75;1325;231136,2;85,99
"E09000011";"Greenwich";2009;17,95;73,88;513,2;35,3;944;78,85;2135,17;1295;210322,71;90,7
"E09000011";"Greenwich";2010;28,55;73,34;488,7;36;926;79,25;1978,89;1295;229069,52;95,44
"E09000011";"Greenwich";2011;28,49;62,47;488;43,2;948;79,88;1839,17;1265;229295,4;96,61
"E09000011";"Greenwich";2012;28,65;61,87;470,5;42,1;919;80,25;1741,08;1465;236980,62;100,87
"E09000011";"Greenwich";2013;28,89;61,35;516,5;43,6;911;80,61;1609,33;1460;253399,26;107,74
"E09000011";"Greenwich";2014;29,3;60,85;509,1;40,8;920;80,65;1687,42;1530;298351,46;111,15
"E09000011";"Greenwich";2015;29,56;60,34;532,5;42,3;928;80,68;1786,67;1110;331848,81;116,24
"E09000011";"Greenwich";2016;29,72;59,85;539,3;45,7;914;80,69;1941,58;1595;372737,74;119,42
"E09000011";"Greenwich";2017;29,85;59,41;553;53,5;917;80,75;2098,5;1655;391749,94;118,07
"E09000011";"Greenwich";2018;29,87;58,99;566;51,5;913;80,98;2104,67;1670;388387,51;119,25
"E09000011";"Greenwich";2019;29,74;58,6;579,5;49,7;925;81,2;2334,58;1730;393212,3;118,66
"E09000011";"Greenwich";2020;29,38;58,25;573,1;62,1;771;80,64;2056,75;1245;397126,32;117,39
"E09000011";"Greenwich";2021;29,02;57,93;618,3;58,2;866;80,16;2100,17;1900;418248,75;120,65
"E09000011";"Greenwich";2022;28,74;57,63;657,4;58,33;892;80,16;2208;1990;446899,5;122,34
"E09000011";"Greenwich";2023;28,38;57,37;640,14;64,37;907;79,99;2156,02;1965;433115,5;127,49
"E09000011";"Greenwich";2024;28,11;57,13;651,27;64,42;911;79,83;2117,16;2085;441157,5;131,14
"E09000011";"Greenwich";2025;27,7;56,9;662,4;65,3;913;79,66;2088,11;2146;455292,54;134,27
"E09000012";"Hackney";2001;18,08;59,65;NA;NA;439;NA;3314,08;NA;153406,32;59,83
"E09000012";"Hackney";2002;17,89;59,91;387,1;NA;447;NA;3272,25;NA;180269,46;62,65
"E09000012";"Hackney";2003;17,79;59,98;395,2;NA;431;77,31;3252,92;1330;201071,48;64,64
"E09000012";"Hackney";2004;17,84;60,37;411,1;31;411;77,55;3041;1385;217677,08;67,55
"E09000012";"Hackney";2005;18;60,82;432,1;28,6;401;78,06;2885,83;1360;227936,95;72,12
"E09000012";"Hackney";2006;18,03;61,29;428,8;32,4;408;78,04;2596,67;1380;253254,4;75,46
"E09000012";"Hackney";2007;18,18;61,77;451,1;36,9;404;78,37;2686,75;1365;290396,71;78,48
"E09000012";"Hackney";2008;18,24;62,08;472,6;45,7;399;78,33;2476,08;1555;311770,53;83,09
"E09000012";"Hackney";2009;18,16;62,66;503,7;45,7;390;78,99;2393,42;1635;282240,75;89,43
"E09000012";"Hackney";2010;35,42;63,22;501,3;42,4;382;79,23;2297,67;1595;300490,89;94,42
"E09000012";"Hackney";2011;36,35;54,7;517,4;47,6;369;79,81;2231,25;1630;308698,44;96,49
"E09000012";"Hackney";2012;36,89;55,04;511,4;47,2;355;79,96;2342,83;1775;325492,48;105,39
"E09000012";"Hackney";2013;37,58;55,4;519;47;344;80,34;2163,75;1850;372668,9;110,95
"E09000012";"Hackney";2014;38,05;55,76;513;48,3;349;80,46;2109,67;2040;456388,44;115,58
"E09000012";"Hackney";2015;38,3;56,05;534,5;49,2;350;80,4;2292,5;1975;506798,99;120,24
"E09000012";"Hackney";2016;38,43;56,21;527,8;54,9;349;80,43;2411,08;2345;537746,35;123,55
"E09000012";"Hackney";2017;38,15;56,37;558,1;59,3;344;80,27;2635,42;2500;549005,56;122,84
"E09000012";"Hackney";2018;37,91;56,51;555,4;53,4;333;80,89;2583,58;2635;544644,93;120,01
"E09000012";"Hackney";2019;37,4;56,64;574,9;57,4;337;81,09;2823,92;2760;554909,28;119,13
"E09000012";"Hackney";2020;36,98;56,75;574,9;60,6;278;80,46;2516,67;2525;582893,35;119,7
"E09000012";"Hackney";2021;36,47;56,86;576,8;71,1;314;79,51;2531;3230;573982,67;121,41
"E09000012";"Hackney";2022;35,89;56,96;624,1;73,46;308;79,25;2581,33;3495;592730,5;123,4
"E09000012";"Hackney";2023;35,24;57,06;617,14;75,82;313;78,9;2530,54;3555;591934,33;128,57
"E09000012";"Hackney";2024;34,63;57,14;637,7;78,18;306;78,55;2496,59;3540;583139,88;132,78
"E09000012";"Hackney";2025;33,95;57,22;644,3;80,54;303;78,19;2473,89;3687;588878,77;136,48
"E09000013";"Hammersmith and Fulham";2001;18,18;77,92;NA;NA;478;NA;2457,25;NA;271918,78;59,74
"E09000013";"Hammersmith and Fulham";2002;17,9;77,99;492,8;NA;480;NA;2500,25;NA;302459,06;62,08
"E09000013";"Hammersmith and Fulham";2003;17,68;77,78;498,3;NA;467;78,49;2387,5;1695;318805,69;64,69
"E09000013";"Hammersmith and Fulham";2004;17,72;77,91;512;46,9;467;78,81;2261,58;1685;343380,92;68,08
"E09000013";"Hammersmith and Fulham";2005;17,8;78,12;490,7;48,5;445;79,11;2155,08;1715;362575,61;73,27
"E09000013";"Hammersmith and Fulham";2006;17,71;78,28;545,7;50,6;447;80,15;2111,17;1700;397586,46;77,07
"E09000013";"Hammersmith and Fulham";2007;17,76;78,27;546,2;52,5;441;80,22;1934,92;1690;474140,6;81,3
"E09000013";"Hammersmith and Fulham";2008;17,87;76,19;584,8;51,4;428;80,28;1910,67;1855;474947,76;87,27
"E09000013";"Hammersmith and Fulham";2009;17,97;75,96;585,1;46,3;430;80,25;1905,58;1800;435456,44;92,03
"E09000013";"Hammersmith and Fulham";2010;37,37;76,38;596,9;49,4;421;80,52;1933;1900;502256,96;99,15
"E09000013";"Hammersmith and Fulham";2011;37,25;68,08;594,1;56,4;405;80,8;1883,58;1960;518573,67;101,78
"E09000013";"Hammersmith and Fulham";2012;37,1;67,49;613,3;58,8;380;80,97;1810,58;2065;567081,84;107,68
"E09000013";"Hammersmith and Fulham";2013;36,49;67,01;610,7;60,6;388;81,03;1556,17;2135;631529,17;115,31
"E09000013";"Hammersmith and Fulham";2014;35,72;66,58;609,9;66,8;381;81,61;1604,08;2190;721099,85;121,13
"E09000013";"Hammersmith and Fulham";2015;34,58;66,24;646,7;67,4;382;81,4;1677,42;1510;760833,64;128,17
"E09000013";"Hammersmith and Fulham";2016;33,74;65,85;641,9;61,6;386;81,72;1711;2305;755097,38;130,66
"E09000013";"Hammersmith and Fulham";2017;32,7;65,67;651,1;65,6;380;81,6;1777,92;2320;756900,42;130,06
"E09000013";"Hammersmith and Fulham";2018;31,68;65,49;682;63,1;387;81,63;1775,75;2400;725725,49;128,68
"E09000013";"Hammersmith and Fulham";2019;30,52;65,32;728;70;389;81,6;1897;2405;717794,66;128,56
"E09000013";"Hammersmith and Fulham";2020;30,43;65,15;713,1;65,3;291;80,69;1535,75;1530;726979,65;128,31
"E09000013";"Hammersmith and Fulham";2021;30,11;64,99;727;74,4;331;80,3;1607;2480;764324,92;130,44
"E09000013";"Hammersmith and Fulham";2022;29,99;64,84;729,9;71,31;346;80,35;1651,11;2485;774309,25;132,27
"E09000013";"Hammersmith and Fulham";2023;29,47;64,69;746,21;73,98;342;80,17;1700,14;2365;812978,42;138,39
"E09000013";"Hammersmith and Fulham";2024;29,04;64,55;756,39;72,71;331;79,99;1718,89;2425;762812;143,52
"E09000013";"Hammersmith and Fulham";2025;28,63;64,42;769,37;73,57;326;79,82;1726,07;2439;784866,28;148,05
"E09000014";"Haringey";2001;17,67;65,82;NA;NA;499;NA;3138,42;NA;165127,04;61,93
"E09000014";"Haringey";2002;17,55;65,19;384,9;NA;496;NA;3251,42;NA;195801,26;64,21
"E09000014";"Haringey";2003;17,44;64,78;429,4;NA;492;77,19;3067,25;1440;220320,07;66,16
"E09000014";"Haringey";2004;17,69;64,84;437,3;35,3;477;77,46;2962,75;1435;236265,14;68,59
"E09000014";"Haringey";2005;17,93;65,17;438,3;36,7;474;78,03;2947,25;1475;245820,66;73,26
"E09000014";"Haringey";2006;18;65,49;455;40,1;472;79;2549,58;1485;263920,94;76,24
"E09000014";"Haringey";2007;18,03;65,79;462,9;41,6;471;79,43;2457,25;1460;305509,51;80,14
"E09000014";"Haringey";2008;17,95;66,1;498,4;41,1;449;79,69;2281,58;1615;303396,08;83,8
"E09000014";"Haringey";2009;17,89;66,4;489,3;42,4;434;80,2;2145,25;1615;276214,06;88,16
"E09000014";"Haringey";2010;32,9;65,97;495,7;42,4;425;80,65;2010,22;1600;314479,84;94,36
"E09000014";"Haringey";2011;32,82;60,55;471,8;50,4;425;81,1;2053,42;1595;326468,34;96,07
"E09000014";"Haringey";2012;32,66;60,77;489,1;52,1;417;81,36;2022,83;1680;339685,91;101,91
"E09000014";"Haringey";2013;32,73;61,02;464,6;52,6;415;82,05;1760,58;1680;372233,57;109,14
"E09000014";"Haringey";2014;32,39;61,24;467,7;46,4;421;82,13;1929,25;1760;435807,74;113,88
"E09000014";"Haringey";2015;32,31;61,45;500;49,3;421;82,09;2097,67;1545;480636,08;118,77
"E09000014";"Haringey";2016;32,06;61,65;481,9;52,4;417;82,12;2317;1930;527676,61;123,05
"E09000014";"Haringey";2017;31,57;61,84;525,3;54;413;82,33;2487,75;1955;557306,89;120,67
"E09000014";"Haringey";2018;30,85;62,01;551,4;53,7;416;82,57;2551,08;2005;551552,9;118,09
"E09000014";"Haringey";2019;29,97;62,16;547,6;59;424;82,41;2639,33;2070;546173,95;119,23
"E09000014";"Haringey";2020;29,47;62,29;567,8;65,2;333;81,64;2320,42;1700;557247,57;118,22
"E09000014";"Haringey";2021;29,14;62,42;546;56,2;376;81,1;2356,17;2235;550657,92;121,16
"E09000014";"Haringey";2022;28,69;62,54;602,1;54,56;376;81,21;2340,67;2355;574818;121,13
"E09000014";"Haringey";2023;28,28;62,65;588,02;56,84;377;81,32;2310,12;2350;581438,17;127,99
"E09000014";"Haringey";2024;27,91;62,75;609,43;57,27;366;81,43;2286,5;2360;564987;132,41
"E09000014";"Haringey";2025;27,51;62,84;612,89;56,7;361;81,54;2268,25;2417;570264,26;135,93
"E09000015";"Harrow";2001;17,45;58,62;NA;NA;556;NA;1518,08;NA;170250,17;66,5
"E09000015";"Harrow";2002;17,26;57,99;378,1;NA;589;NA;1631,08;NA;202680,88;69,99
"E09000015";"Harrow";2003;17,17;57,41;417,1;NA;577;80,62;1535,83;1335;232598,35;68,99
"E09000015";"Harrow";2004;17,33;56,7;407,5;33,6;573;80,66;1508,92;1325;252291,72;72,09
"E09000015";"Harrow";2005;17,55;56,03;430,9;31,9;571;80,71;1456,75;1365;255332,82;77,75
"E09000015";"Harrow";2006;17,65;55,5;459,9;32,6;570;81,08;1319,75;1360;265447,96;82,28
"E09000015";"Harrow";2007;17,7;54,89;460,7;34,1;565;81,65;1172,83;1360;293492,03;83,57
"E09000015";"Harrow";2008;17,71;59,57;479,1;28,5;565;82,28;1253,92;1480;294650,06;91,23
"E09000015";"Harrow";2009;17,66;59,73;494,3;33,1;557;82,72;1282,67;1485;263036,1;96,04
"E09000015";"Harrow";2010;25,02;57,4;506,1;34,6;538;82,92;1240,67;1465;292166,04;102,34
"E09000015";"Harrow";2011;24,87;42,22;487,7;43,3;545;83,18;1138,42;1495;296477,73;105,7
"E09000015";"Harrow";2012;24,84;41,34;471,7;46,6;552;83,38;1126,17;1620;304904,63;112,39
"E09000015";"Harrow";2013;24,96;40,52;478,9;45,4;544;83,78;1012,58;1620;319397,71;119,06
"E09000015";"Harrow";2014;24,79;39,72;492,3;51,9;547;84;1009,92;1655;360795,81;125,88
"E09000015";"Harrow";2015;24,73;38,95;505,1;47,9;542;84,04;1070,75;1400;408604,43;130,62
"E09000015";"Harrow";2016;24,55;38,23;522,8;44,7;540;84,09;1120,08;1720;453862,31;137,39
"E09000015";"Harrow";2017;24,12;37,62;543,4;48,8;535;84,11;1147,42;1770;470763,42;134,13
"E09000015";"Harrow";2018;23,82;37,06;534,9;46,3;529;84,38;1220,25;1815;465902,2;130,91
"E09000015";"Harrow";2019;23,52;36,53;581,9;50,1;546;84,43;1405,67;1890;449287,22;132,14
"E09000015";"Harrow";2020;23,16;36,04;570,5;59,5;421;83,67;1262,58;1550;455396;130,36
"E09000015";"Harrow";2021;22,73;35,58;580,2;57,7;493;83,04;1224,58;2025;489382,17;133,37
"E09000015";"Harrow";2022;22,27;35,16;620,5;58,09;511;82,86;1236;2130;520172,58;135,08
"E09000015";"Harrow";2023;21,84;34,77;632,62;58,01;518;82,68;1218,22;2085;510647,5;141,08
"E09000015";"Harrow";2024;21,5;34,4;644,74;58,03;527;82,5;1206,69;2155;511232,5;145,34
"E09000015";"Harrow";2025;21,14;34,06;656,86;58,03;532;82,32;1199,21;2207;524639,47;149,03
"E09000016";"Havering";2001;17,11;94,97;NA;NA;1190;NA;1822,33;NA;124071,4;64,47
"E09000016";"Havering";2002;16,98;94,22;385,1;NA;1234;NA;1794,75;NA;149065,94;67,58
"E09000016";"Havering";2003;16,85;93,47;413,4;NA;1154;78,78;1847,08;1305;179117,78;69,09
"E09000016";"Havering";2004;16,85;92,8;449,3;12;1157;79,06;1785,92;1305;195992,4;71,35
"E09000016";"Havering";2005;16,85;91,92;463,9;17,6;1197;79,57;1814,33;1355;204047,22;77,34
"E09000016";"Havering";2006;16,91;91,16;424,9;18,3;1247;80,01;1666,42;1355;211316,59;81,8
"E09000016";"Havering";2007;17;90,49;455,8;18,3;1222;80,08;1433,33;1360;233534,89;85,58
"E09000016";"Havering";2008;17,06;89,2;506,4;19,5;1233;80,33;1501,67;1475;231473,74;89,06
"E09000016";"Havering";2009;17,17;88,59;485,7;15,8;1282;80,65;1429,42;1455;205962,15;85,82
"E09000016";"Havering";2010;19,86;87,87;493,7;17,4;1257;80,84;1394,89;1425;220413,26;92
"E09000016";"Havering";2011;19,82;87,64;505,3;18,9;1231;81,25;1415,33;1380;219558,76;95,57
"E09000016";"Havering";2012;19,87;86,92;500,9;20,5;1240;81,31;1369,25;1445;221602,06;100,17
"E09000016";"Havering";2013;20,08;86,19;489,7;24,6;1271;81,6;1268,83;1450;226428,82;107,27
"E09000016";"Havering";2014;20,69;85,38;499,1;25,7;1283;81,88;1261,5;1510;259267,27;110,47
"E09000016";"Havering";2015;21,27;84,65;517,5;26;1267;82,17;1351;1125;291844,82;118,4
"E09000016";"Havering";2016;21,94;83,92;532,6;27,8;1286;82,15;1437,5;1595;341803,89;120,08
"E09000016";"Havering";2017;22,35;83,31;534,2;30;1297;81,85;1544,58;1640;360479,24;120,93
"E09000016";"Havering";2018;22,61;82,74;544,8;30;1303;81,82;1533,42;1590;370303,42;118,09
"E09000016";"Havering";2019;23,13;82,2;568,5;33,7;1333;82,03;1570,75;1635;364635,56;116,33
"E09000016";"Havering";2020;23,38;81,7;574,9;40,8;1078;81,52;1365,92;1190;369250,57;119,07
"E09000016";"Havering";2021;23,35;81,23;585,7;37,1;1197;81,12;1401,08;1785;384345,33;118,14
"E09000016";"Havering";2022;23,28;80,79;613,4;38,58;1270;80,94;1603,33;1785;414912,67;119,55
"E09000016";"Havering";2023;23,18;80,37;624,81;40,05;1296;80,71;1525,42;1775;418477,67;124,5
"E09000016";"Havering";2024;23,01;79,99;636,23;41,53;1264;80,48;1483,71;1735;415342;127,26
"E09000016";"Havering";2025;22,93;79,62;647,64;43,01;1244;80,24;1461,38;1586;421153,91;130,02
"E09000017";"Hillingdon";2001;17,63;78,86;NA;NA;1929;NA;2422,83;NA;145293,69;65,81
"E09000017";"Hillingdon";2002;17,45;77,93;396,3;NA;1973;NA;2434,5;NA;172147,04;68,29
"E09000017";"Hillingdon";2003;17,28;77,09;414,4;NA;1936;78,91;2445,75;1800;202707,81;70,96
"E09000017";"Hillingdon";2004;17,35;76,07;431,5;24,2;1932;79;2316,67;1775;215696,09;73,52
"E09000017";"Hillingdon";2005;17,46;75,2;431,3;25,9;1937;79,44;2364,75;1815;222899,78;78,86
"E09000017";"Hillingdon";2006;17,47;74,39;439,3;24,5;1926;79,72;2345,33;1785;231405,06;84,08
"E09000017";"Hillingdon";2007;17,58;73,52;469,6;25,5;1923;80,25;2199,92;1830;253838,66;87,45
"E09000017";"Hillingdon";2008;17,6;75,18;479,1;24,6;1967;80,55;2118,33;1965;255580,29;91,75
"E09000017";"Hillingdon";2009;17,64;74,78;480;31,9;2016;80,86;2013,75;1975;228275,79;97,12
"E09000017";"Hillingdon";2010;24,18;73,64;499,8;27,4;1898;81;2095,22;1930;247991,53;102,39
"E09000017";"Hillingdon";2011;24,33;60,57;497,4;35,3;1890;81,41;2145,33;1905;251781,66;102,57
"E09000017";"Hillingdon";2012;24,36;58,98;509,7;35,8;1932;81,54;1917,67;2015;260476,43;107,96
"E09000017";"Hillingdon";2013;24,57;57,62;522,2;40,6;1965;81,86;1709,5;2025;270594,76;115,68
"E09000017";"Hillingdon";2014;24,8;56,27;492,5;39,7;1998;81,97;1967,42;2075;305781,95;119,76
"E09000017";"Hillingdon";2015;25,1;54,97;498,8;40,2;1943;81,97;2007,08;1420;352748,35;123,78
"E09000017";"Hillingdon";2016;25,31;53,8;499,8;44,7;1975;82,14;2082,25;2160;400791,49;126,37
"E09000017";"Hillingdon";2017;25,46;52,79;500,4;43,2;1950;82,12;2266,83;2245;413586,55;126,02
"E09000017";"Hillingdon";2018;25,57;51,85;531,7;43,2;1980;82,02;2276,08;2275;410267,16;124,13
"E09000017";"Hillingdon";2019;25,58;50,97;545,9;51,9;2023;81,87;2496;2510;404350,7;124,44
"E09000017";"Hillingdon";2020;25,23;50,14;560,9;54,9;1561;81,41;2144,08;1695;409892,88;121,89
"E09000017";"Hillingdon";2021;24,91;49,38;594,8;49,7;1767;81,25;2036,5;2705;426096,25;125
"E09000017";"Hillingdon";2022;24,53;48,67;629,6;54,82;1840;81,18;2180;2750;452216,17;126,75
"E09000017";"Hillingdon";2023;24,19;48;641,27;54,68;1852;81,06;2133,53;2730;450173,33;132,03
"E09000017";"Hillingdon";2024;23,81;47,38;652,93;57,22;1878;80,96;2102,76;2765;447469,75;136,02
"E09000017";"Hillingdon";2025;23,51;46,8;664,6;58,39;1889;80,85;2102,76;2826;457144,93;139,45
"E09000018";"Hounslow";2001;17,86;64,83;NA;NA;1423;NA;2494,08;NA;153622,97;66,96
"E09000018";"Hounslow";2002;17,57;64,55;388,6;NA;1437;NA;2736,83;NA;175132,16;69,49
"E09000018";"Hounslow";2003;17,3;64,04;395,6;NA;1421;77,62;2534,67;1370;198261,23;70,92
"E09000018";"Hounslow";2004;17,46;63,34;400,1;25,5;1451;77,92;2325,67;1370;215827,15;73,92
"E09000018";"Hounslow";2005;17,69;62,77;413,9;27,9;1415;78,4;2269,42;1440;222920,93;78,16
"E09000018";"Hounslow";2006;17,75;62,23;432,6;32,7;1441;78,83;2040,42;1430;237044,46;81,07
"E09000018";"Hounslow";2007;17,85;61,62;453,6;33,2;1383;79,26;1968,58;1475;260228,21;84,78
"E09000018";"Hounslow";2008;17,86;64,74;435;35,2;1399;79,75;1979;1615;262945,5;89,01
"E09000018";"Hounslow";2009;17,87;64,72;469,3;34,9;1409;80,15;1928,5;1675;236242,59;93,83
"E09000018";"Hounslow";2010;30,16;63,26;479;34,8;1367;80,56;1943;1620;257449,5;99,53
"E09000018";"Hounslow";2011;30,19;51,38;473,2;47,3;1366;80,88;1974,67;1595;264605,14;100,04
"E09000018";"Hounslow";2012;29,85;50,81;479,1;47,1;1356;81,21;1969,33;1715;267958,13;106,55
"E09000018";"Hounslow";2013;29,55;50,31;479,1;45,8;1359;81,38;1664,58;1720;290577,29;113,46
"E09000018";"Hounslow";2014;29;49,79;463,5;49,9;1373;81,76;1692,58;1775;324525,85;118,07
"E09000018";"Hounslow";2015;28,56;49,28;495,6;45,4;1350;81,93;1812,42;1345;351438,07;123,24
"E09000018";"Hounslow";2016;28,07;48,77;500,9;50;1370;82,06;1901;1850;386462,04;126,84
"E09000018";"Hounslow";2017;27,29;48,31;517;44,7;1346;81,94;2062,08;1975;400904,53;125,32
"E09000018";"Hounslow";2018;26,62;47,88;533,6;54,5;1354;81,84;2119,5;2050;396697,43;124,35
"E09000018";"Hounslow";2019;25,72;47,48;547,6;55,2;1415;82,01;2228;2070;401792,4;123,32
"E09000018";"Hounslow";2020;25,11;47,1;511,8;52,2;1035;81,47;1982,25;1530;412815,97;122,25
"E09000018";"Hounslow";2021;24,47;46,75;567,2;56,8;1180;81,18;1927,25;2205;420711,83;125,61
"E09000018";"Hounslow";2022;23,91;46,43;595,1;57,26;1287;81,23;2013,56;2305;446456,33;127,53
"E09000018";"Hounslow";2023;23,16;46,13;605,42;59,65;1313;80,84;1955,08;2335;455147,92;132,72
"E09000018";"Hounslow";2024;22,76;45,85;615,75;61,14;1341;80,69;1948,09;2385;455128,38;136,73
"E09000018";"Hounslow";2025;22,37;45,6;626,07;63,05;1355;80,55;1948,09;2440;468307,25;140,2
"E09000019";"Islington";2001;17,83;75,42;NA;NA;373;NA;3134,25;NA;219818,4;59,16
"E09000019";"Islington";2002;17,66;75,14;465;NA;373;NA;3285,42;NA;247761,22;61,98
"E09000019";"Islington";2003;17,5;75,06;472;NA;367;76,41;3401,33;1935;262085,29;65,36
"E09000019";"Islington";2004;17,46;74,99;499;40;344;76,69;3163;1850;285947,16;67,81
"E09000019";"Islington";2005;17,47;75,09;532,5;40;335;77,21;3087,5;1910;295082,03;71,52
"E09000019";"Islington";2006;17,59;75,18;503,7;45,8;336;77,5;2937,33;1850;319644,79;75,49
"E09000019";"Islington";2007;17,59;75,32;517,5;44,8;331;78,04;2519;1855;385665,58;80,2
"E09000019";"Islington";2008;17,67;72,81;566,7;46,8;322;78,16;2448,58;2080;386792,37;84,47
"E09000019";"Islington";2009;17,7;72,76;588,2;51,5;312;78,6;2369,33;2200;345284,44;90,29
"E09000019";"Islington";2010;36,28;72,76;599;56,1;304;79,1;2253,89;2170;398055,2;96,82
"E09000019";"Islington";2011;36,76;68,21;598,5;58,7;301;79,66;2213,92;2030;424103,79;98,9
"E09000019";"Islington";2012;37,25;68,08;605,1;57,5;291;80,24;2260,25;2185;442090,23;105,8
"E09000019";"Islington";2013;37,2;67,95;606;58,1;285;80,45;2000,08;2245;495766,17;113,54
"E09000019";"Islington";2014;37,47;67,86;613,5;58,9;289;80,78;2078,25;2445;585171,31;118,8
"E09000019";"Islington";2015;37,54;67,74;603,7;62,7;287;80,61;2287,58;1960;643147,91;124,59
"E09000019";"Islington";2016;37,52;67,63;613,3;58,1;286;81;2295,42;2625;642137,16;127,4
"E09000019";"Islington";2017;37,75;67,56;646,1;61,7;282;80,84;2665,67;2660;650114,63;126,78
"E09000019";"Islington";2018;37,64;67,5;687,7;67,1;274;80,89;2358,75;2800;649532,95;124,99
"E09000019";"Islington";2019;37,89;67,44;699,1;61,7;276;80,87;2487,75;2975;633485,72;124,74
"E09000019";"Islington";2020;38,45;67,37;690,1;61;217;80,6;2063,08;2490;661212,73;125,63
"E09000019";"Islington";2021;38,83;67,31;670,7;67,5;244;80,4;2027,75;3210;679191,58;128,61
"E09000019";"Islington";2022;38,86;67,24;700,8;69,12;250;80,28;2233,22;3450;692641,5;128,5
"E09000019";"Islington";2023;38,71;67,18;712,59;70,74;251;80,1;2243,81;3395;692767,08;136,13
"E09000019";"Islington";2024;38,47;67,13;724,38;72,35;240;79,97;2246,75;3540;691965,5;141,46
"E09000019";"Islington";2025;37,92;67,07;736,17;73,97;235;79,8;2247,56;3643;706992,42;145,76
"E09000020";"Kensington and Chelsea";2001;18,38;78,64;NA;NA;458;NA;2467,08;NA;420129,47;55,97
"E09000020";"Kensington and Chelsea";2002;18,35;78,23;601,5;NA;457;NA;2660,08;NA;460382,45;58,33
"E09000020";"Kensington and Chelsea";2003;18,28;77,75;612,7;NA;436;81,67;2489,42;2630;460490,62;61,35
"E09000020";"Kensington and Chelsea";2004;18,25;77,3;691,6;38,9;428;82,34;2234,33;2640;512186,67;64,86
"E09000020";"Kensington and Chelsea";2005;18,2;77,06;733;49,7;423;82,71;2060,92;2635;520206,22;70,03
"E09000020";"Kensington and Chelsea";2006;18,14;76,91;670,9;45;429;83,37;2027,33;2650;598007,52;74,42
"E09000020";"Kensington and Chelsea";2007;18,15;76,58;689,9;49,5;405;83,5;1957,08;2655;746679,16;79,22
"E09000020";"Kensington and Chelsea";2008;18,29;74,4;774,7;54;394;83,77;1831,58;2695;784834,66;83,32
"E09000020";"Kensington and Chelsea";2009;18,3;74,19;805,2;58,2;393;83,62;1740,25;2705;705187,53;88,9
"E09000020";"Kensington and Chelsea";2010;32,88;74,5;791,5;55,7;392;83,7;1721,22;2685;837314,95;96,03
"E09000020";"Kensington and Chelsea";2011;32,41;70,63;793,9;59,6;392;83,62;1652,25;2730;908565,09;97,23
"E09000020";"Kensington and Chelsea";2012;32,44;70,37;655;62;367;83,58;1724,42;2790;1009044,95;105,57
"E09000020";"Kensington and Chelsea";2013;32,1;70,17;726,7;60,7;362;83,88;1493,08;2825;1126572,7;111,88
"E09000020";"Kensington and Chelsea";2014;31,46;70;641,3;62,2;374;84,16;1500,17;2875;1288405,67;118,05
"E09000020";"Kensington and Chelsea";2015;30,75;69,85;632,4;65,3;371;84,36;1608,58;1910;1302102,72;123,35
"E09000020";"Kensington and Chelsea";2016;30,61;69,77;651,6;62,4;370;84,29;1657,58;2995;1276235,1;126,69
"E09000020";"Kensington and Chelsea";2017;29,45;69,68;784,4;64,2;362;83,67;1743,25;3035;1344539,73;125,92
"E09000020";"Kensington and Chelsea";2018;28,68;69,61;670,6;62;376;83,78;1769,75;2995;1363802,16;126,92
"E09000020";"Kensington and Chelsea";2019;27,44;69,55;763,7;65,5;383;83,78;2032,33;2990;1235956,63;126,37
"E09000020";"Kensington and Chelsea";2020;26,82;69,49;802;67,2;300;84,04;1455,67;1960;1320567,76;125,09
"E09000020";"Kensington and Chelsea";2021;26,36;69,45;763,6;63,8;326;83,6;1510,25;3040;1343814,58;128,78
"E09000020";"Kensington and Chelsea";2022;25,73;69,41;712,7;68,25;340;83,5;1722,78;3050;1447111;130,47
"E09000020";"Kensington and Chelsea";2023;25,41;69,38;710,64;67,59;342;83,39;1665,17;2960;1360804,25;136,84
"E09000020";"Kensington and Chelsea";2024;24,94;69,36;709,76;70,26;327;83,28;1661,69;2960;1239696,5;141,49
"E09000020";"Kensington and Chelsea";2025;24,55;69,34;709,39;70,76;322;83,17;1661,48;2902;1275794,4;145,45
"E09000021";"Kingston upon Thames";2001;17,82;84,36;NA;NA;869;NA;1150,92;NA;178822,59;62,83
"E09000021";"Kingston upon Thames";2002;17,69;83,4;435,7;NA;867;NA;1194,17;NA;203104,9;66,51
"E09000021";"Kingston upon Thames";2003;17,46;82,58;441,5;NA;865;79,49;1359,08;1215;228280,49;68,35
"E09000021";"Kingston upon Thames";2004;17,48;81,82;460,7;41,7;868;79,91;1307,5;1180;246424,13;71,5
"E09000021";"Kingston upon Thames";2005;17,56;81,1;479;39,2;868;80,34;1261,75;1205;251156,25;80,29
"E09000021";"Kingston upon Thames";2006;17,55;80,48;499,8;42,4;835;80,79;1092,08;1200;264667,04;83,79
"E09000021";"Kingston upon Thames";2007;17,63;79,72;527,4;48;856;81,04;1023;1200;306229,42;87,53
"E09000021";"Kingston upon Thames";2008;17,76;80,98;516,7;51,1;844;81,42;941,33;1310;310396,41;92,02
"E09000021";"Kingston upon Thames";2009;17,87;80,74;566,2;45,6;861;81,85;917,67;1310;266774,22;97,37
"E09000021";"Kingston upon Thames";2010;26,53;80,21;544,4;51,7;903;82,3;921,11;1270;304310,16;103,39
"E09000021";"Kingston upon Thames";2011;26,04;74,5;579,8;45,8;828;82,58;899,5;1265;312073,91;104,89
"E09000021";"Kingston upon Thames";2012;25,9;73,27;601,1;49,8;817;82,86;862,75;1305;324577,53;111,13
"E09000021";"Kingston upon Thames";2013;25,81;72,25;604,2;54,2;814;82,72;773,17;1310;345739,15;118,99
"E09000021";"Kingston upon Thames";2014;25,8;71,26;556,5;57,9;808;83,02;784,92;1340;406106,38;124,45
"E09000021";"Kingston upon Thames";2015;26,12;70,31;574,6;53,6;803;82,81;829,83;885;438002,5;129,32
"E09000021";"Kingston upon Thames";2016;26,05;69,46;566,7;53,7;809;83,02;851,83;1390;483333,45;132,81
"E09000021";"Kingston upon Thames";2017;26,14;68,67;579,9;56,4;798;82,81;945;1395;492318,56;131,2
"E09000021";"Kingston upon Thames";2018;26;67,94;629,7;60,1;794;82,86;993;1535;497031,33;130,61
"E09000021";"Kingston upon Thames";2019;25,72;67,27;628;59,3;817;83,03;1048,25;1695;486646,52;127,33
"E09000021";"Kingston upon Thames";2020;25,66;66,65;617,3;61,2;641;82,96;888,25;1200;490709,37;127
"E09000021";"Kingston upon Thames";2021;25,22;66,06;667,9;65,2;744;82,9;915,17;1980;510018;130,28
"E09000021";"Kingston upon Thames";2022;24,9;65,52;666,4;64,3;754;82,88;951,89;1770;551979,75;132,33
"E09000021";"Kingston upon Thames";2023;24,63;65,02;678,41;64,34;768;82,83;932,84;1895;554644,75;137,79
"E09000021";"Kingston upon Thames";2024;24,26;64,55;689,98;64,37;788;82,8;921,46;1840;539472,25;142,09
"E09000021";"Kingston upon Thames";2025;24,03;64,12;701,55;64,36;802;82,76;914,67;1521;555218,22;145,87
"E09000022";"Lambeth";2001;18;62,86;NA;NA;733;NA;4757,67;NA;164684,74;58,22
"E09000022";"Lambeth";2002;17,86;63,54;404,3;NA;723;NA;4515,67;NA;190451,03;61,14
"E09000022";"Lambeth";2003;17,77;64,16;425,5;NA;689;76,64;4161,42;1735;203377,22;63,51
"E09000022";"Lambeth";2004;17,85;64,88;446,7;40,7;663;77;3815,33;1690;221888,93;65,58
"E09000022";"Lambeth";2005;17,94;65,78;460,3;39,8;644;77,34;3497,33;1660;228852,89;69,61
"E09000022";"Lambeth";2006;18,02;66,56;455,6;40,5;642;77,61;3239;1635;250142,55;72,72
"E09000022";"Lambeth";2007;18,14;67,3;490,7;45,6;640;78,17;2987,92;1690;298235,19;75,6
"E09000022";"Lambeth";2008;18,21;66,97;494,5;42,6;620;78,34;2932,17;1895;295475,91;80,54
"E09000022";"Lambeth";2009;18,14;67,51;522,4;50;598;78,66;2954,83;1880;267337,26;84,61
"E09000022";"Lambeth";2010;36,93;67,83;574,9;53,9;578;78,96;2886,33;1875;297167,85;91,11
"E09000022";"Lambeth";2011;37,34;57,14;536,7;59;573;79,75;2962,92;1855;304029,86;93,04
"E09000022";"Lambeth";2012;37,86;57,54;574,8;54,8;556;80,42;2890,92;1950;327465,93;99,16
"E09000022";"Lambeth";2013;38,26;57,75;536,6;62;544;80,69;2693,75;1975;362965,72;106,77
"E09000022";"Lambeth";2014;38,68;57,96;547;62;552;80,76;2696,17;2105;433624,91;111,51
"E09000022";"Lambeth";2015;38,73;58,21;542,9;65;549;80,62;2832,67;1640;471614,02;116,9
"E09000022";"Lambeth";2016;39,11;58,37;551,7;64,4;555;80,69;2915,83;2230;514562,33;119,46
"E09000022";"Lambeth";2017;38,68;58,51;594,6;67,2;558;80,84;2864,08;2285;518503,54;118,65
"E09000022";"Lambeth";2018;38,42;58,64;617,1;61,7;541;81,16;2871,5;2320;511582,15;117,78
"E09000022";"Lambeth";2019;38,09;58,74;634,8;63,8;550;81,44;2942;2400;507846,75;117,27
"E09000022";"Lambeth";2020;38,37;58,83;670,8;69,1;439;80,85;2502,67;1845;526815,71;116,47
"E09000022";"Lambeth";2021;38,31;58,91;681,2;75,7;501;80,69;2602,08;2585;534421,67;119,78
"E09000022";"Lambeth";2022;38;58,98;700,4;77,76;515;80,4;2741,89;2705;543703,67;121,57
"E09000022";"Lambeth";2023;37,73;59,04;713,29;79,82;520;80,11;2781,71;2640;539585,83;126,98
"E09000022";"Lambeth";2024;37,25;59,09;728,62;81,88;504;79,82;2794,79;2550;523903,62;131,25
"E09000022";"Lambeth";2025;36,73;59,14;743,01;83,94;496;79,53;2799,09;2602;528391,14;134,95
"E09000023";"Lewisham";2001;18,02;65,93;NA;NA;715;NA;2417,33;NA;121333,17;59,33
"E09000023";"Lewisham";2002;17,76;65,79;394,9;NA;713;NA;2396,92;NA;143764,03;61,78
"E09000023";"Lewisham";2003;17,49;65,63;429,6;NA;699;76,79;2631,42;1335;170885,74;63,41
"E09000023";"Lewisham";2004;17,53;65,38;425,1;33,5;671;77,37;2902,75;1310;184058,52;67,52
"E09000023";"Lewisham";2005;17,67;65,31;431,8;30,8;658;77,51;2782,25;1310;190867,85;71,41
"E09000023";"Lewisham";2006;17,66;65,15;431,4;29,9;654;78,11;2679,17;1315;202362,1;74,86
"E09000023";"Lewisham";2007;17,77;65,11;436,4;33,4;649;78,49;2587,92;1305;229655,33;78,59
"E09000023";"Lewisham";2008;17,88;66,07;446,4;38,6;636;78,69;2629,42;1475;231283,65;79,54
"E09000023";"Lewisham";2009;17,95;66,18;486,9;40,9;623;78,96;2462,75;1485;211307,59;82,6
"E09000023";"Lewisham";2010;30,39;66,43;492,7;44,9;606;79,22;2320,67;1435;225582,3;87,76
"E09000023";"Lewisham";2011;30,39;53,52;473,2;49;610;79,85;2250,92;1350;228017,41;87,92
"E09000023";"Lewisham";2012;30,47;53,15;499,6;55,3;597;80,25;2057,92;1465;240571,97;92,75
"E09000023";"Lewisham";2013;30,59;52,82;525,5;53,4;583;80,64;1867,33;1455;260815,07;100,63
"E09000023";"Lewisham";2014;30,91;52,56;518,5;54,4;589;80,96;1794,33;1530;315812,59;103,94
"E09000023";"Lewisham";2015;31,35;52,32;517,5;53,3;591;80,85;1996,92;1255;355049,95;109,18
"E09000023";"Lewisham";2016;31,76;52,1;520,6;51,1;598;81,06;2047,17;1680;402648,69;111,79
"E09000023";"Lewisham";2017;31,8;51,86;535,2;54;596;81,18;2065,08;1710;411049,02;110,48
"E09000023";"Lewisham";2018;31,6;51,64;551,2;58,7;575;81,32;2144,17;1740;411530,11;109,91
"E09000023";"Lewisham";2019;31,54;51,44;552;60,2;588;81,25;2397;1785;408627,27;109,47
"E09000023";"Lewisham";2020;31,37;51,26;574,9;70,4;469;80,68;2244;1385;422310,56;107,96
"E09000023";"Lewisham";2021;31,03;51,1;574,9;66;533;80,28;2204,92;1920;429701,92;110,96
"E09000023";"Lewisham";2022;30,68;50,94;606,3;67,91;529;80,24;2309,44;1995;442748,75;112,71
"E09000023";"Lewisham";2023;30,16;50,8;616,87;69,82;532;80,05;2267,99;1960;444380,42;117,5
"E09000023";"Lewisham";2024;29,82;50,67;627,44;71,74;522;79,87;2239,53;1970;443831,62;120,85
"E09000023";"Lewisham";2025;29,49;50,55;638,01;73,65;518;79,68;2219,99;2007;450506,58;123,75
"E09000024";"Merton";2001;18,04;75,05;NA;NA;583;NA;1478,92;NA;167046,24;66,78
"E09000024";"Merton";2002;17,85;74,49;436,3;NA;579;NA;1490;NA;195714,69;68,7
"E09000024";"Merton";2003;17,6;74,06;439,4;NA;562;79,34;1561,5;1080;220394,19;70,44
"E09000024";"Merton";2004;17,63;73,83;442,5;36,3;565;79,78;1440,08;1060;238098,81;72,94
"E09000024";"Merton";2005;17,72;73,48;493,9;41,7;565;80;1441,58;1110;246252,81;76,79
"E09000024";"Merton";2006;17,73;73,05;474,4;39,1;569;80,66;1339,83;1105;257060,71;81,28
"E09000024";"Merton";2007;17,83;72,79;511,3;43,5;566;80,92;1252,08;1130;297858,44;84,42
"E09000024";"Merton";2008;17,96;73,18;526;37,8;564;81,12;1262,17;1240;300674,5;88,05
"E09000024";"Merton";2009;18,05;73,05;529,7;41,2;560;81,38;1236,67;1260;271598,19;92,95
"E09000024";"Merton";2010;30,67;73;531,5;49,6;550;81,74;1174,89;1245;299999,36;86,75
"E09000024";"Merton";2011;30,67;64,89;536,9;48,7;538;81,98;1169,08;1255;306063,02;92,61
"E09000024";"Merton";2012;29,97;64,59;538,4;48;533;82,04;1115,75;1275;316742,77;97,1
"E09000024";"Merton";2013;29,81;64,33;527;52,9;529;82,03;978,92;1270;344544,43;105,01
"E09000024";"Merton";2014;29,33;64,05;542,9;54,1;525;82,23;977,42;1315;419976,83;109,76
"E09000024";"Merton";2015;29;63,78;548,1;58;520;82,4;1043,08;1035;457702,11;113,38
"E09000024";"Merton";2016;28,41;63,54;585,3;60,5;515;82,55;1085,58;1450;500267,42;116,11
"E09000024";"Merton";2017;27,73;63,37;573;56,8;509;82,64;1141,42;1445;512185,81;115,12
"E09000024";"Merton";2018;26,96;63,21;594,1;53,2;516;82,76;1149,33;1530;512712,91;113,69
"E09000024";"Merton";2019;26,34;63,06;578,9;60;528;82,9;1202,58;1555;504816,91;113,27
"E09000024";"Merton";2020;25,78;62,92;578,3;59,8;415;82,33;1111,08;1100;524124,83;114,3
"E09000024";"Merton";2021;25,26;62,8;592,1;67,1;476;82,04;1071,92;1630;541076,58;117,14
"E09000024";"Merton";2022;24,76;62,68;579,2;68,91;490;82,05;1160,22;1685;562446,83;118,85
"E09000024";"Merton";2023;24,12;62,58;596,86;70,72;497;81,93;1140,89;1625;566185,92;122,05
"E09000024";"Merton";2024;23,58;62,48;599,43;72,54;507;81,81;1130,06;1695;561067,12;124,53
"E09000024";"Merton";2025;23,16;62,39;609,44;74,35;514;81,69;1124;1728;577638,37;127,02
"E09000025";"Newham";2001;17,77;39,4;NA;NA;715;NA;3384,67;NA;108763,06;64,35
"E09000025";"Newham";2002;17,56;39,33;338,2;NA;712;NA;3429,75;NA;137455,64;67,39
"E09000025";"Newham";2003;17,35;39,17;343,4;NA;706;76,25;3384,58;1360;168437,52;68,28
"E09000025";"Newham";2004;17,48;39,17;371;17;709;76,53;3038,33;1350;185680,34;71,37
"E09000025";"Newham";2005;17,67;39,19;383,2;21,5;727;76,76;3251,67;1375;193555,23;76,42
"E09000025";"Newham";2006;17,78;39,21;390,9;24,4;743;77,03;2966,42;1415;203284,84;79,78
"E09000025";"Newham";2007;17,89;39;390,8;23,9;753;77,54;2954;1385;226388,61;82,39
"E09000025";"Newham";2008;17,9;43,95;403;24,3;749;77,94;2793,25;1510;221768,4;86,72
"E09000025";"Newham";2009;17,89;44,63;421,6;24;780;78,44;2854,92;1540;188217,28;90,83
"E09000025";"Newham";2010;32,11;42,88;422,4;27,9;758;78,85;2837,78;1485;204466,99;95,83
"E09000025";"Newham";2011;32,75;28,95;382,5;39,2;722;79,65;2574,58;1500;207663,62;96,79
"E09000025";"Newham";2012;32,81;28,35;369,8;38,8;696;80,03;2654,42;1675;212824,71;104,34
"E09000025";"Newham";2013;32,9;27,87;387,6;38,9;653;80,26;2341,83;1865;222784,25;110
"E09000025";"Newham";2014;33,04;27,49;393,7;36,7;694;80,46;2369,5;2010;258312,26;128,89
"E09000025";"Newham";2015;33,33;27,24;421,6;43,3;704;80,37;2493,25;1565;297558,14;134,52
"E09000025";"Newham";2016;33,45;26,95;436,7;48;707;80,62;2563,5;2225;347956,89;141,18
"E09000025";"Newham";2017;33,23;26,6;471,3;41,5;729;80,54;2822,92;2275;362131,54;139,87
"E09000025";"Newham";2018;33,06;26,27;475,9;48,8;731;80,81;2940;2335;359175,82;119,38
"E09000025";"Newham";2019;32,76;25,95;517,5;44;726;80,82;2952,92;2610;363956,09;118,63
"E09000025";"Newham";2020;32,7;25,65;534,4;59,7;604;79,84;2668,5;1985;373780,22;121,7
"E09000025";"Newham";2021;32,48;25,37;574,9;57,6;628;79,06;2683;2975;386056,33;121,12
"E09000025";"Newham";2022;31,9;25,11;578,3;62,24;661;79,03;2855,89;3410;401905;122,52
"E09000025";"Newham";2023;31,42;24,86;590,31;63,6;674;79;2791,61;3195;403743,83;128,16
"E09000025";"Newham";2024;30,81;24,63;602,31;66,56;684;78,97;2754,49;3140;405903;131,04
"E09000025";"Newham";2025;30,19;24,41;614,32;68,74;690;78,94;2733,06;3263;415793,51;133,93
"E09000026";"Redbridge";2001;17,52;63,32;NA;NA;875;NA;2333,42;NA;141587,53;67,29
"E09000026";"Redbridge";2002;17,32;62,31;402,5;NA;867;NA;2394,75;NA;169368,11;71,25
"E09000026";"Redbridge";2003;17,15;61,34;433,9;NA;852;78,97;2369,83;1390;203571,97;73,99
"E09000026";"Redbridge";2004;17,31;60,35;439,8;26,8;858;79,26;2181,08;1400;222917,56;74,72
"E09000026";"Redbridge";2005;17,51;59,48;432,7;32,1;903;79,51;2056,58;1415;226468,9;81,56
"E09000026";"Redbridge";2006;17,51;58,59;466,2;33,4;911;79,94;2053,83;1400;239729,77;83,73
"E09000026";"Redbridge";2007;17,66;57,56;480,1;35,5;908;80,27;1878,67;1395;266937,79;87,44
"E09000026";"Redbridge";2008;17,69;60,35;526,9;35,4;890;80,6;2034,17;1520;264429,46;91,6
"E09000026";"Redbridge";2009;17,68;60,16;518,5;32,5;898;80,92;2002,83;1565;232764,08;98,62
"E09000026";"Redbridge";2010;25,8;58,28;506,1;34,7;909;81,09;1905,78;1525;252334,42;103,02
"E09000026";"Redbridge";2011;26;42,49;479,5;37,4;959;81,6;1985,5;1540;261965,54;103,37
"E09000026";"Redbridge";2012;26,21;41,22;526,7;43,3;935;81,96;1857,33;1620;265912,05;108,14
"E09000026";"Redbridge";2013;26,55;40,07;503,9;49,3;934;82,29;1673,25;1660;274824,94;114,62
"E09000026";"Redbridge";2014;26,72;38,95;517,6;45,1;948;82,56;1658,83;1755;304162,47;124,95
"E09000026";"Redbridge";2015;26,87;37,9;533,1;44,7;934;82,33;1611,08;1480;343795,29;129,59
"E09000026";"Redbridge";2016;26,81;36,9;521,8;48,6;938;82,54;1670,17;1820;391837,31;132,16
"E09000026";"Redbridge";2017;26,52;36,07;546,8;47,4;942;82,53;1927,67;1920;410300,16;131,33
"E09000026";"Redbridge";2018;26,1;35,3;555,8;46,2;955;82,92;1933,08;1960;422497,29;124,73
"E09000026";"Redbridge";2019;25,55;34,59;565,6;45,6;952;83,13;1988;2000;411324,37;124,38
"E09000026";"Redbridge";2020;25,3;33,94;581,6;53;799;82,27;1891,17;1835;422986,82;122,43
"E09000026";"Redbridge";2021;24,92;33,34;579,3;51,8;866;81,65;1990,92;2405;452136,08;125,25
"E09000026";"Redbridge";2022;24,45;32,79;581,9;53,27;920;81,25;1993,33;2425;476158,33;126,82
"E09000026";"Redbridge";2023;24,11;32,28;594,8;54,74;895;80,81;1954,59;2425;473185,75;131,96
"E09000026";"Redbridge";2024;23,7;31,81;603,51;56,21;890;80,37;1928,62;2455;473010,5;135,84
"E09000026";"Redbridge";2025;23,3;31,38;612,21;57,68;887;79,92;1911,21;2523;484271,91;139,21
"E09000027";"Richmond upon Thames";2001;18,2;90,88;NA;NA;778;NA;1338,08;NA;241333,29;64,44
"E09000027";"Richmond upon Thames";2002;18,05;90,42;564,9;NA;785;NA;1401,17;NA;271689,37;64,82
"E09000027";"Richmond upon Thames";2003;17,99;89,95;567,8;NA;773;80,32;1287,17;1515;294167,99;67,93
"E09000027";"Richmond upon Thames";2004;18,09;89,41;595,6;43,6;772;80,53;1276,67;1510;316540,91;69,73
"E09000027";"Richmond upon Thames";2005;18,15;88,88;584,7;47,6;762;80,96;1240,92;1530;323618,99;73,38
"E09000027";"Richmond upon Thames";2006;18,05;88,41;583;52,4;755;81,24;1117,33;1535;348496,76;76,9
"E09000027";"Richmond upon Thames";2007;18,02;87,84;578,2;55,8;753;81,78;1006,08;1525;410382,62;80,44
"E09000027";"Richmond upon Thames";2008;18,13;85,11;642,5;56,3;744;82,12;990,42;1635;409389,02;84,56
"E09000027";"Richmond upon Thames";2009;18,15;84,65;617,7;53,2;737;82,86;960,75;1695;369390,08;89,07
"E09000027";"Richmond upon Thames";2010;26,65;83,92;668,7;54,3;713;83,11;927,56;1685;420083,66;95,12
"E09000027";"Richmond upon Thames";2011;26,32;85,96;665;55,2;703;83,44;957,92;1605;434537,17;96,24
"E09000027";"Richmond upon Thames";2012;25,7;85,59;670,8;62;716;83,51;966,5;1650;454941,84;104,77
"E09000027";"Richmond upon Thames";2013;25,29;85,28;670,5;65,9;709;83,62;876,67;1640;492115,7;108,68
"E09000027";"Richmond upon Thames";2014;24,73;85,01;654,2;67;707;83,86;884,17;1695;577055,32;114,08
"E09000027";"Richmond upon Thames";2015;23,69;84,76;648;69,6;703;83,65;886,33;1265;618778,07;119,1
"E09000027";"Richmond upon Thames";2016;23,05;84,55;688,8;71,6;701;83,97;945,17;1745;653760,82;123,25
"E09000027";"Richmond upon Thames";2017;22,36;84,33;665,9;64,9;702;83,84;1097,5;1765;665284,67;122,82
"E09000027";"Richmond upon Thames";2018;21,84;84,14;677,6;67,9;685;84,27;1058,75;1760;652274,01;122,68
"E09000027";"Richmond upon Thames";2019;21,13;83,96;721,1;65,4;704;84,18;1069,08;1805;648647,49;120,13
"E09000027";"Richmond upon Thames";2020;20,45;83,8;702,9;66,2;550;84,04;1001,08;1315;681175,34;120,06
"E09000027";"Richmond upon Thames";2021;19,88;83,66;704,5;70;623;84,03;915,08;1870;699811,75;123,56
"E09000027";"Richmond upon Thames";2022;19,52;83,52;709,3;71,55;637;84,11;950,89;1920;745144,33;125,94
"E09000027";"Richmond upon Thames";2023;19,13;83,4;717,88;73,11;648;84,12;962,76;1865;744662,92;131,36
"E09000027";"Richmond upon Thames";2024;18,66;83,29;724,6;74,66;628;84,19;963,32;1870;724017,75;134,24
"E09000027";"Richmond upon Thames";2025;18,35;83,19;732,24;76,21;623;84,21;963,32;1755;745194,49;137,13
"E09000028";"Southwark";2001;17,9;63,25;NA;NA;693;NA;3808,92;NA;164486,25;59,68
"E09000028";"Southwark";2002;17,7;63,56;397,6;NA;688;NA;3830;NA;184684,2;62,02
"E09000028";"Southwark";2003;17,46;63,7;423,8;NA;655;76,94;3856,33;1800;199583,84;64,49
"E09000028";"Southwark";2004;17,45;63,9;412,6;37,6;635;77,38;3647,58;1780;216903,92;67,75
"E09000028";"Southwark";2005;17,58;64,29;430,4;41,3;624;77,88;3452,67;1825;224050,17;72,26
"E09000028";"Southwark";2006;17,72;64,55;459,9;37,8;632;78,54;3309,42;1825;242759,77;76,66
"E09000028";"Southwark";2007;17,9;64,76;487,8;42,6;623;78,73;3335,75;1890;289668,14;80,81
"E09000028";"Southwark";2008;17,97;65,5;493,2;45,1;598;78,84;3272,17;2125;291213,36;85,01
"E09000028";"Southwark";2009;18,01;65,93;526,7;44,6;589;79,14;3087,33;2130;261151,04;90,42
"E09000028";"Southwark";2010;34,17;66,26;521,2;49;570;79,46;3012,11;2060;293912,93;97,01
"E09000028";"Southwark";2011;33,98;54,25;530,5;53,4;565;79,98;2836,08;1980;312539,49;98,37
"E09000028";"Southwark";2012;33,97;54,24;536,6;55,3;536;80,33;2667,42;2070;331124,25;103,93
"E09000028";"Southwark";2013;34,08;54,27;524,4;55,7;523;80,85;2633,33;2115;360749,84;110,52
"E09000028";"Southwark";2014;34,3;54,29;529;58,7;530;81,02;2452,33;2220;427767,41;116,32
"E09000028";"Southwark";2015;34,74;54,33;557;56,9;537;80,94;2573,83;1775;467867,52;120,96
"E09000028";"Southwark";2016;35,04;54,33;543;59,6;532;80,97;2698;2395;510331,26;123,58
"E09000028";"Southwark";2017;35,15;54,37;587,1;63;524;81,09;2809,17;2710;515883,33;122,47
"E09000028";"Southwark";2018;35,06;54,4;589,4;64,6;509;81,29;2943;2665;504224,98;122,33
"E09000028";"Southwark";2019;35,05;54,42;628;62;521;81,45;3274,92;2810;498929,57;121,65
"E09000028";"Southwark";2020;35,13;54,43;620,9;65,7;422;80,98;2618;2335;511817,32;120,51
"E09000028";"Southwark";2021;34,97;54,44;637,8;57,1;483;80,74;2589,33;3385;487581,33;123,69
"E09000028";"Southwark";2022;34,79;54,45;670,7;60,45;490;80,81;2814,33;3595;504366,83;125,52
"E09000028";"Southwark";2023;34,39;54,45;674,91;56,26;494;80,88;2786,11;3130;497597,75;130,94
"E09000028";"Southwark";2024;34;54,46;692,09;58,51;477;80,95;2777,22;3115;485006,75;135,37
"E09000028";"Southwark";2025;33,59;54,47;703,41;56,34;470;81,02;2774,42;2599;490636,43;139,26
"E09000029";"Sutton";2001;17,47;88,98;NA;NA;627;NA;1279,92;NA;137910,19;62,01
"E09000029";"Sutton";2002;17,31;88,28;410,9;NA;635;NA;1248,92;NA;162526,66;65,1
"E09000029";"Sutton";2003;17,08;87,49;421,7;NA;629;78,94;1346,17;1105;187815,76;67,17
"E09000029";"Sutton";2004;17,01;86,86;426,5;25,1;621;79,62;1411,83;1090;201829,27;68,97
"E09000029";"Sutton";2005;17,03;86,18;437;30;628;79,91;1339,75;1095;209547,13;75,63
"E09000029";"Sutton";2006;17,03;85,53;460;32,9;619;80,51;1284;1060;215723,86;79,24
"E09000029";"Sutton";2007;17,13;84,83;475,7;30,9;634;80,55;1111,67;1040;241438,01;82,46
"E09000029";"Sutton";2008;17,28;83,75;505,3;27,9;604;80,71;1152,58;1175;242701,91;84,75
"E09000029";"Sutton";2009;17,36;83,28;503,2;37,7;605;80,98;1086,08;1155;212117,75;92,03
"E09000029";"Sutton";2010;24,02;82,71;495,3;36,2;582;81,29;1029,67;1100;233489,44;97,64
"E09000029";"Sutton";2011;23,77;78,58;497,9;35,8;579;81,78;964,08;1060;233026,68;98,21
"E09000029";"Sutton";2012;23,7;77,72;517,5;39,5;577;82,05;942,08;1095;238842,18;103,13
"E09000029";"Sutton";2013;23,43;76,94;518;40,6;576;82,25;852;1110;252002,84;110,15
"E09000029";"Sutton";2014;23,54;76,19;508,3;42,9;584;82;886,33;1130;291132,06;114,68
"E09000029";"Sutton";2015;23,5;75,46;498,3;42,5;582;82,12;899,92;860;322932,14;118,96
"E09000029";"Sutton";2016;23,57;74,82;532,9;44,3;587;82,03;912,33;1180;365303,13;119,89
"E09000029";"Sutton";2017;23,7;74,22;515,2;51,4;582;82,47;998,42;1225;376924,58;119,7
"E09000029";"Sutton";2018;23,55;73,67;548,7;48,4;568;82,15;1004,25;1225;379294,34;117,52
"E09000029";"Sutton";2019;23,39;73,17;549;45,9;585;82,54;1150,67;1275;371597,26;117,09
"E09000029";"Sutton";2020;23,03;72,7;543,3;55,2;480;82,03;1067,58;945;378749,2;115,73
"E09000029";"Sutton";2021;22,65;72,26;576,9;53,4;546;81,97;1065,25;1310;403454,58;118,9
"E09000029";"Sutton";2022;22,1;71,86;575,3;51,06;580;81,86;1126,67;1325;434296,67;120,72
"E09000029";"Sutton";2023;21,79;71,48;584,32;57,87;582;81,79;1097,55;1320;434684,83;125,55
"E09000029";"Sutton";2024;21,29;71,13;592,53;58,6;587;81,69;1076,22;1330;424627,25;129,23
"E09000029";"Sutton";2025;21,14;70,8;600,73;56,43;590;81,61;1060,59;1203;436845,73;132,44
"E09000030";"Tower Hamlets";2001;18;51,74;NA;NA;733;NA;3106,08;NA;162505,94;60,54
"E09000030";"Tower Hamlets";2002;17,89;52,64;427,2;NA;741;NA;3427;NA;187288,51;63,61
"E09000030";"Tower Hamlets";2003;17,78;52,87;450,4;NA;734;75,82;3265,67;1585;207901,58;66,82
"E09000030";"Tower Hamlets";2004;17,89;53,29;481,6;27,4;720;76,43;3027,42;1500;219986,89;70,05
"E09000030";"Tower Hamlets";2005;18,09;53,79;479,1;29,1;706;77,21;2813;1550;225629,02;74,03
"E09000030";"Tower Hamlets";2006;18,12;54,27;472,5;27;729;77,49;2718,92;1570;243033,01;75,74
"E09000030";"Tower Hamlets";2007;18,24;54,5;531,9;31,6;734;77,61;2574,33;1610;287172,87;78,09
"E09000030";"Tower Hamlets";2008;18,25;56,32;548,1;35,9;712;77,55;2309,17;1825;298002,21;82,92
"E09000030";"Tower Hamlets";2009;18,12;57,02;556,2;37,1;721;78,06;2249,17;1930;258248,29;87,43
"E09000030";"Tower Hamlets";2010;38,22;57,7;547,1;39,7;735;78,53;2287,67;1925;282748,7;94,41
"E09000030";"Tower Hamlets";2011;39,06;45,21;542,3;46,2;692;79,12;2318;1895;287262,48;96,78
"E09000030";"Tower Hamlets";2012;39,67;45,15;566,8;49,4;655;79,32;2340;2110;285452,97;103,63
"E09000030";"Tower Hamlets";2013;40,3;45,26;575,1;46,7;653;79,75;2227,08;2165;309051,04;111,11
"E09000030";"Tower Hamlets";2014;40,8;45,49;574,9;44,3;633;79,74;2158,08;2300;382241,69;115,73
"E09000030";"Tower Hamlets";2015;40,83;45,69;554,9;45,8;625;79,75;2329,42;1900;421943,84;122,78
"E09000030";"Tower Hamlets";2016;40,88;45,77;557,9;52,5;635;79,62;2499,17;2575;457129,6;126,31
"E09000030";"Tower Hamlets";2017;40,55;45,75;592;47,3;642;79,84;2588,17;2690;459279,06;125,85
"E09000030";"Tower Hamlets";2018;40,26;45,73;627,6;54,7;640;79,93;2728,92;2835;446503,88;124,92
"E09000030";"Tower Hamlets";2019;39,73;45,7;688,9;60,5;643;80,4;2843,33;2820;438641,66;124,19
"E09000030";"Tower Hamlets";2020;39,64;45,67;665;59;525;79,75;2524,92;2240;466055,86;123,84
"E09000030";"Tower Hamlets";2021;39,3;45,64;685,2;52;573;79,35;2630;3110;496187,25;126,71
"E09000030";"Tower Hamlets";2022;38,89;45,6;718,7;51,51;586;79,1;2667,56;3270;496673,25;128,7
"E09000030";"Tower Hamlets";2023;38,27;45,57;733,27;52,71;594;78,86;2621,64;3210;459990,83;134,37
"E09000030";"Tower Hamlets";2024;37,64;45,53;747,85;52,93;603;78,62;2586,62;3265;452069,62;138,86
"E09000030";"Tower Hamlets";2025;36,93;45,5;762,42;52,74;611;78,39;2559,92;3368;464193,13;142,74
"E09000031";"Waltham Forest";2001;17,88;64,46;NA;NA;630;NA;2521,67;NA;118843,46;66,78
"E09000031";"Waltham Forest";2002;17,65;64,07;403,8;NA;627;NA;2688,67;NA;148137,48;67,85
"E09000031";"Waltham Forest";2003;17,4;63,7;428,7;NA;628;77,13;2576;1285;175075,87;68,94
"E09000031";"Waltham Forest";2004;17,55;63,39;433,2;23,8;611;77,56;2457,58;1290;191377,78;70,85
"E09000031";"Waltham Forest";2005;17,77;63,14;415,5;22,6;639;78,03;2511,92;1265;197240,44;74,27
"E09000031";"Waltham Forest";2006;17,84;62,92;427,7;26,4;620;78,24;2410,58;1285;209707,76;77,61
"E09000031";"Waltham Forest";2007;17,94;62,63;445,4;29,7;608;78,74;2145,92;1270;237017,27;80,4
"E09000031";"Waltham Forest";2008;17,99;62,05;466,7;28,7;596;79,14;2186,67;1415;232886,47;84,3
"E09000031";"Waltham Forest";2009;17,94;61,94;476,2;26,2;596;79,78;2272,17;1375;204935,08;88,73
"E09000031";"Waltham Forest";2010;29,47;61,59;475,7;31,4;617;80,19;2261,56;1355;222102,29;94,14
"E09000031";"Waltham Forest";2011;29,39;52,19;464,4;38,4;573;80,82;2086,83;1355;220905,44;95,46
"E09000031";"Waltham Forest";2012;29,27;51,75;472,6;41,3;575;81,09;1981,25;1475;230726,51;101,79
"E09000031";"Waltham Forest";2013;29,27;51,39;441,8;44,5;596;81,48;1844,67;1505;254265,27;110,27
"E09000031";"Waltham Forest";2014;29,29;51,05;444,8;43,9;650;81,32;1710;1525;314934,4;117,86
"E09000031";"Waltham Forest";2015;29,6;50,74;476,3;42,6;608;81,32;1783,42;1380;357513,37;120,6
"E09000031";"Waltham Forest";2016;29,81;50,47;483,4;45,6;610;81,36;1770,17;1735;413149,27;122,91
"E09000031";"Waltham Forest";2017;29,76;50,17;499,4;43,9;613;81,69;1874;1775;436116,5;122,04
"E09000031";"Waltham Forest";2018;29,73;49,9;529,7;48,7;652;82;1952,83;1780;440887,47;116,74
"E09000031";"Waltham Forest";2019;29,66;49,64;574,9;50,2;643;82,19;1997,83;2085;430727,7;116,49
"E09000031";"Waltham Forest";2020;29,37;49,41;596,8;57,3;542;81,39;1922,08;1865;451232,56;117,35
"E09000031";"Waltham Forest";2021;29,06;49,19;629,6;60,3;588;81,03;1841,75;2320;465211,67;118,32
"E09000031";"Waltham Forest";2022;28,66;48,98;645,2;62,45;592;80,75;1863,89;2275;483702,42;119,66
"E09000031";"Waltham Forest";2023;28,1;48,8;657,27;64,59;602;80,44;1904,32;2230;486716,17;125,12
"E09000031";"Waltham Forest";2024;27,51;48,62;669,34;66,74;605;80,13;1944,32;2225;489319,62;129,63
"E09000031";"Waltham Forest";2025;27,05;48,45;681,41;68,89;604;79,82;1971,86;2290;498215,53;133,58
"E09000032";"Wandsworth";2001;18,25;78,28;NA;NA;833;NA;2976,42;NA;205179,66;64,34
"E09000032";"Wandsworth";2002;17,98;78,66;502,1;NA;814;NA;3017;NA;232805,56;66,52
"E09000032";"Wandsworth";2003;17,72;78,84;502,5;NA;788;77,9;2797,25;2065;253342,48;69,26
"E09000032";"Wandsworth";2004;17,93;79,08;526,8;49,7;764;78,35;2636,75;2015;271649,72;72,39
"E09000032";"Wandsworth";2005;18,13;79,28;538,9;45,3;740;78,54;2510,83;2050;284182,08;77,65
"E09000032";"Wandsworth";2006;18,14;79,57;557,2;51,6;661;78,92;2503,25;2115;310943,89;81,36
"E09000032";"Wandsworth";2007;18,15;79,68;572,4;55,9;690;79,15;2274,92;2130;372077,56;86,06
"E09000032";"Wandsworth";2008;18,2;77,1;618,8;56,2;674;79,45;2090,67;2335;363817,6;89,7
"E09000032";"Wandsworth";2009;18,11;76,98;631,8;58,7;647;79,84;2122,42;2315;340372,94;94,9
"E09000032";"Wandsworth";2010;40,25;78,81;643;62,6;660;80,33;2069,67;2235;374487,98;102,29
"E09000032";"Wandsworth";2011;40,44;71,43;651,6;64,5;627;80,88;1888;2215;386200,19;103,76
"E09000032";"Wandsworth";2012;40,3;71,21;632,3;66;615;81,11;2129;2255;409392,05;110,84
"E09000032";"Wandsworth";2013;40,25;71,03;644,1;63,6;597;81,21;1888,25;2325;457404,06;119,12
"E09000032";"Wandsworth";2014;39,79;70,8;661,1;69,8;582;81,53;1803,83;2425;544515;121,88
"E09000032";"Wandsworth";2015;39,3;70,59;670,1;66,3;586;81,67;1910,67;1800;572691,16;127,45
"E09000032";"Wandsworth";2016;38,76;70,38;684,7;70,6;572;81,88;2026,5;2545;608740,91;134,56
"E09000032";"Wandsworth";2017;38,13;70,28;681,2;71,3;593;81,84;2071,67;2495;617921,48;131,24
"E09000032";"Wandsworth";2018;37,62;70,19;695,7;70,7;589;82,14;2118,33;2515;596632,27;128,38
"E09000032";"Wandsworth";2019;37,12;70,1;720,9;71,6;607;82,26;2174,92;2585;587915,17;128,01
"E09000032";"Wandsworth";2020;36,91;70,02;755,2;72,8;483;81,98;2027,92;1820;610148,36;127,91
"E09000032";"Wandsworth";2021;36,55;69,93;746;70,3;534;81,75;2081,33;2710;594458,33;131,04
"E09000032";"Wandsworth";2022;36,1;69,85;833,1;73,88;537;81,99;2018,89;2745;644442,67;132,52
"E09000032";"Wandsworth";2023;35,42;69,78;849,65;74,1;536;82,03;2017,77;2665;618278,17;138,08
"E09000032";"Wandsworth";2024;34,71;69,7;866,2;76,17;523;82,06;2017,49;2720;621153,62;143,11
"E09000032";"Wandsworth";2025;34,07;69,63;882,75;77,22;514;82,1;2017,43;2482;639509,64;146,36
"E09000033";"Westminster";2001;18,1;73,24;NA;NA;790;NA;7189,17;NA;296105,5;62,6
"E09000033";"Westminster";2002;17,97;72,62;480;NA;768;NA;7179,25;NA;339622,39;64,66
"E09000033";"Westminster";2003;17,84;71,96;504,7;NA;727;79,84;6608;7020;363466,03;67,25
"E09000033";"Westminster";2004;17,94;71,55;549;37,4;746;80,14;6611,5;6995;379395,35;71,34
"E09000033";"Westminster";2005;18,1;71,17;574;42,4;734;80,39;5965,17;7070;399384,99;76,15
"E09000033";"Westminster";2006;18,08;71,04;598,1;47;721;81,4;5522,25;6975;436864,88;80,31
"E09000033";"Westminster";2007;18,08;70,64;625,5;53,5;693;82,04;5327,83;6910;514426,68;85,33
"E09000033";"Westminster";2008;18,12;69,59;670,8;49,1;668;82,87;5277,58;7495;540196,64;90,11
"E09000033";"Westminster";2009;18,11;69,38;672,2;55,6;651;83;5335,17;7535;532096,98;95,96
"E09000033";"Westminster";2010;36,13;68,99;718,7;55,9;638;83;5119,22;7435;606698,24;103,17
"E09000033";"Westminster";2011;35,75;61,72;670,8;60,1;628;82,82;5336,5;7365;632513,6;104,23
"E09000033";"Westminster";2012;35,39;61,34;701;61,5;609;82,67;5129;7580;696926,04;109,77
"E09000033";"Westminster";2013;35,34;61,16;625;62,8;595;83,11;4530,58;7645;789972,48;117,42
"E09000033";"Westminster";2014;35,11;61,04;659,6;66,1;617;83,28;4006,75;7770;922702,24;122,03
"E09000033";"Westminster";2015;34,59;60,92;656;63,2;631;83,21;4010,83;5115;964643,07;127,97
"E09000033";"Westminster";2016;34,02;60,74;667,5;62,1;620;82,97;4098,5;8020;995543,36;141,51
"E09000033";"Westminster";2017;33,62;60,57;730,8;62,3;608;82,79;4660,17;8035;1064771,6;130,12
"E09000033";"Westminster";2018;33,71;60,41;757,1;66,7;598;83,22;5170,58;8345;1019866,36;130,46
"E09000033";"Westminster";2019;33,65;60,26;703,9;65,5;581;83,53;6686;8920;952895,73;140,33
"E09000033";"Westminster";2020;33,67;60,12;701,1;65,4;436;82,9;3894,42;5820;961711,83;129,08
"E09000033";"Westminster";2021;33,36;59,99;771,1;68,9;468;82,52;4064,33;9170;1019470,58;132,97
"E09000033";"Westminster";2022;33,05;59,87;737,9;70,75;479;82,51;5703,56;9605;1086998,17;134,88
"E09000033";"Westminster";2023;32,63;59,76;743,32;72,61;484;82,5;4889,03;9035;1074299,33;141,1
"E09000033";"Westminster";2024;32,13;59,66;742,43;74,46;473;82,49;4816,83;8785;991393;144,54
"E09000033";"Westminster";2025;31,74;59,56;742,58;76,31;461;82,48;4810,43;8232;972753,3;147,98
"E12000007";"London";2001;30,63;71,08;NA;NA;26686;NA;88113,33;NA;159225,79;63,46
"E12000007";"London";2002;30,58;70,69;419,7;NA;26859;NA;90061,75;NA;187395,75;66,17
"E12000007";"London";2003;30,3;70,25;435,9;NA;26466;78,37;88410,83;58740;211100,92;68,18
"E12000007";"London";2004;30,06;69,89;448,7;31,9;26367;78,71;84593,42;58120;228614,04;70,78
"E12000007";"London";2005;29,99;69,62;458;33,7;26322;79,07;82010,42;59095;235329,27;75,75
"E12000007";"London";2006;29,85;69,35;468;35;26287;79,55;76814,92;58920;251281,18;79,31
"E12000007";"London";2007;29,67;69,04;486,7;37,1;26047;79,91;71836;59010;287114,02;82,78
"E12000007";"London";2008;29,67;69,78;503,9;37,9;25756;80,18;70409,25;64805;282959,01;86,94
"E12000007";"London";2009;29,65;69,72;517,5;39,3;25819;80,53;69117,17;65460;257853,76;91,69
"E12000007";"London";2010;29,59;69,68;521,3;41,2;25499;80,8;66591,03;64315;284543,13;97,29
"E12000007";"London";2011;29,64;59,78;517,5;45,3;24986;81,26;65810,74;63365;290551,08;98,75
"E12000007";"London";2012;29,6;59,21;523,4;47;24695;81,53;64130,07;66865;303927,33;104,92
"E12000007";"London";2013;29,67;58,73;521,2;48,4;24616;81,83;57973,22;67725;329167,88;112,07
"E12000007";"London";2014;29,69;58,25;520,7;49,1;24927;81,99;57541,93;70470;386124,34;117,68
"E12000007";"London";2015;29,73;57,81;527,9;49,8;24795;81,98;60517,09;53670;425134,16;122,81
"E12000007";"London";2016;29,71;57,37;536,6;52;24818;82,08;62756,4;75010;467502,88;126,76
"E12000007";"London";2017;29,49;57,01;558,1;51,6;24780;82,1;67549,03;77240;480247,17;125,37
"E12000007";"London";2018;29,29;56,66;574,9;53,1;24720;82,25;68890,4;79770;477844,58;122,46
"E12000007";"London";2019;29,01;56,34;590,9;54,2;25152;82,37;75008,83;83915;471078,24;122,54
"E12000007";"London";2020;28,82;56,04;588,7;58,7;20042;81,81;64004;64475;483650,23;121,56
"E12000007";"London";2021;28,54;55,76;614,4;58,9;22504;81,46;64221,83;91295;500165,42;124
"E12000007";"London";2022;28,18;55,5;645,8;60,49;23270;81,38;68954,13;94055;528656,92;125,61
"E12000007";"London";2023;27,78;55,26;666,57;62,08;23482;81,3;67292,11;90565;519963,5;131,07
"E12000007";"London";2024;27,38;55,03;682,61;63,66;23383;81,22;66618,81;90650;516682,12;134,93
"E12000007";"London";2025;26,99;54,82;696,53;65,25;23396;81,14;66326,07;92588;528763,07;138,3
